qid,question,outcome,domain,qtype,failure_mode,s2_p,s2_brier,s2_correct,round0_mean,round1_mean,round0_correct_agents,round1_correct_agents,round0_mean_correct,round1_mean_correct,round_mean_brier_delta,cot_p,cot_correct,cot_brier,standard_p,standard_correct,standard_brier,s1_p,s1_correct,s1_brier,moa_p,moa_correct,moa_brier
futurex_693fff9312fe99005df832b8,Will Guan Heng be deported from the US to China?,0,politics_geo,other_wording,final_correct,0.4023487282727358,0.1618844991426878,1,0.44333333333333336,0.4033333333333333,2,3,1,1,-0.03386666666666671,0.68,0,0.4624000000000001,0.3666666666666667,1,0.13444444444444448,0.41259143864250036,1,0.17023169524108814,0.68,0,0.4624000000000001
futurex_6947e88aa66250005c9dc324,2026 a dream year for trump?,0,politics_geo,other_wording,all_agents_wrong_from_start,0.6063069075409951,0.3676080661319248,0,0.62,0.6033333333333334,0,0,0,0,-0.020388888888888845,0.58,0,0.3364,0.61,0,0.3721,0.6218558089659801,0,0.38670464714473357,0.6,0,0.36
futurex_69493a091e67de005c79583b,Will Bugonia get an Oscar nomination for best picture?,1,media_entertainment,winner_outcome,final_correct,0.57,0.18490000000000004,1,0.5733333333333334,0.57,2,3,1,1,0.002855555555555611,0.78,1,0.04839999999999999,0.6433333333333334,1,0.12721111111111105,0.6403045624834864,1,0.12938080777019612,0.66,1,0.11559999999999998
futurex_694a8b8fbd65d70068ad7da2,“Inside CECOT” airs on 60 Minutes by January 18?,1,media_entertainment,deadline_event,final_correct,0.8597493400353822,0.019670247620510853,1,0.7666666666666666,0.8566666666666666,3,3,1,1,-0.0339,0.76,1,0.0576,0.9333333333333332,1,0.0044444444444444575,0.7734354250901914,1,0.05133150660406229,0.94,1,0.0036000000000000064
futurex_694bdd0b43684c005d3473e5,Will @bens puzzle (round 2) get below 10%?,0,other,threshold_range,all_agents_wrong_from_start,0.7443106383642416,0.5539983263821848,0,0.7833333333333333,0.7433333333333333,0,0,0,0,-0.061066666666666714,0.93,0,0.8649000000000001,0.26333333333333336,1,0.06934444444444446,0.8567455016565512,0,0.7340128546087356,0.91,0,0.8281000000000001
futurex_694d2e966344cf0067e820ae,"Will Alex Honnold successfully free solo Taipei 101 on January 23, 2026?",0,other,other_wording,all_agents_wrong_from_start,0.9540005565776002,0.9101170619503709,0,0.9566666666666667,0.9499999999999998,0,0,0,0,-0.01271111111111134,0.99,0,0.9801,0.91,0,0.8281000000000001,0.9621272482171961,0,0.9256888417619941,0.98,0,0.9603999999999999
futurex_694e8009028e36005d93d3c6,nasry Asfuras win overturned by a court?,0,sports,deadline_event,final_correct,0.07639831893420096,0.005836703135971889,1,0.13,0.07666666666666667,3,3,1,1,-0.011022222222222223,0.12,1,0.0144,0.12,1,0.0144,0.09996406619981511,1,0.009992814531201018,0.2,1,0.04000000000000001
futurex_694fd195ae81c200695c89be,Will Polo gram be revealed to be Marco's dad within 1 month,0,other,deadline_event,final_correct,0.07924572487775979,0.006279884911401596,1,0.09000000000000001,0.08,3,3,1,1,-0.001700000000000001,0.01,1,0.0001,0.8866666666666667,0,0.7861777777777779,0.05962809354947953,1,0.0035555095403454824,0.985,0,0.970225
futurex_6951230b943bd200688f9cd1,Will Pam Bondi be arrested over defying the Epstein Files Transparency Act,0,other,threshold_range,final_correct,0.010000000000000002,0.00010000000000000005,1,0.01,0.01,3,3,1,1,0.0,0.04,1,0.0016,0.016666666666666666,1,0.0002777777777777778,0.010000000000000002,1,0.00010000000000000005,0.02,1,0.0004
futurex_6956690920a2e600672a7865,"Before 24 January 2026, will Paramount Skydance (Paramount) increase its offer to pay $30.00 per share for outstanding Warner Bros. Discovery (Warner Bros.) shares?",0,other,deadline_event,debate_fixed,0.06300240395567189,0.003969302904193661,1,0.6466666666666666,0.06999999999999999,1,3,0,1,-0.4132777777777777,0.31,1,0.0961,0.06,1,0.0036,0.7479109654534152,0,0.5593708122454596,0.11,1,0.0121
futurex_6956690c20a2e600672a786b,Juventus beats SSC Napoli | Soccer Serie A match 25th Jan 2026,1,sports,other_wording,final_correct,0.5633926690821002,0.1906259614112525,1,0.5599999999999999,0.5599999999999999,3,3,1,1,0.0,0.54,1,0.21159999999999995,0.529,1,0.22184099999999998,0.5734636084404836,1,0.18193329332461308,0.54,1,0.21159999999999995
futurex_69566c1320a2e600672a798d,Will the Doomsday Clock move by ten seconds or more?,0,other,deadline_event,debate_erased_correct_minority,0.5897649056556021,0.3478226439429613,0,0.6033333333333333,0.5766666666666667,1,0,0,0,-0.03146666666666664,0.44,1,0.1936,0.22666666666666666,1,0.05137777777777777,0.7370780232238333,0,0.5432840123195538,0.43,1,0.18489999999999998
futurex_69590c18deacd00066876763,"Will Bitcoin close above USD $100,000 on 31 January 2026 (UTC)?",0,markets_finance_crypto,threshold_range,all_agents_wrong_from_start,0.5935864530188492,0.3523448772074984,0,0.6033333333333334,0.5933333333333333,0,0,0,0,-0.011966666666666792,0.68,0,0.4624000000000001,0.5833333333333334,0,0.34027777777777785,0.6347785013284899,0,0.4029437457488437,0.66,0,0.43560000000000004
futurex_69590c18deacd00066876764,Bitcoin below $82K in January?,1,markets_finance_crypto,threshold_range,final_correct,0.52875650004497,0.22207043624986636,1,0.5399999999999999,0.5166666666666667,2,2,1,1,0.02201111111111098,0.56,1,0.19359999999999997,0.49,0,0.2601,0.5521021978473212,1,0.20061244117320023,0.53,1,0.22089999999999999
futurex_695a5ee87b2e6a00694886d2,"Will thealignedapp.com have 100+ users by Jan 31, 2026?",0,other,deadline_event,final_correct,0.47000000000000003,0.22090000000000004,1,0.47000000000000003,0.47,2,3,1,1,-5.551115123125783e-17,0.63,0,0.39690000000000003,0.46,1,0.2116,0.4528710291949781,1,0.20509216908411873,0.61,0,0.3721
futurex_695baf2f8b62560069adcdd8,Will something CRAZY happen in January (again)?,0,other,other_wording,all_agents_wrong_from_start,0.6297553988721253,0.3965918624085896,0,0.6566666666666666,0.62,0,0,0,0,-0.046811111111111026,0.57,0,0.32489999999999997,0.4633333333333334,1,0.21467777777777783,0.6842859901924078,0,0.468247316373604,0.5,0,0.25
futurex_695bb4008b62560069adcdeb,Transgender women be banned from the Olympics before Winter Games?,0,other,deadline_event,final_correct,0.26652666018775184,0.07103646059083735,1,0.28,0.26666666666666666,3,3,1,1,-0.0072888888888889,0.12,1,0.0144,0.17,1,0.028900000000000006,0.27324305024516393,1,0.07466176450728118,0.16,1,0.0256
futurex_695d00ac4ef7b4005cb967ee,Will there be a surprising Best Picture nomination? (2026 Oscars),0,other,winner_outcome,all_agents_wrong_from_start,0.5594624844744043,0.31299827153427306,0,0.5733333333333334,0.5566666666666666,0,0,0,0,-0.01883333333333337,0.58,0,0.3364,0.6133333333333333,0,0.3761777777777777,0.5820503150790025,0,0.3387825692835661,0.56,0,0.31360000000000005
futurex_695e521c255b39006c58f5ae,A team from the NFC West will win Super Bowl LX,1,sports,winner_outcome,all_agents_wrong_from_start,0.27,0.5328999999999999,0,0.27,0.27,0,0,0,0,0.0,0.54,1,0.21159999999999995,0.34,0,0.4355999999999999,0.2625312365069633,0,0.5438601771279485,0.46,0,0.2916
futurex_695fa38ae56c28005d3c3234,Will Adrian Gonzales be found guilty in Uvalde school shooting response trial?,0,other,other_wording,all_agents_wrong_from_start,0.6448815312154201,0.4158721893027449,0,0.6233333333333333,0.64,0,0,0,0,0.021055555555555605,0.46,1,0.2116,0.6433333333333333,0,0.41387777777777773,0.6669371319287439,0,0.44480513794533877,0.97,0,0.9409
futurex_6963980d5a6f9800684ed65f,Will Maryland change its congressional voting map for the 2026 elections?,0,other,other_wording,debate_fixed,0.3782118997043448,0.1430442410779694,1,0.6066666666666666,0.39666666666666667,1,3,0,1,-0.2106999999999999,0.56,0,0.31360000000000005,0.39666666666666667,1,0.15734444444444445,0.7689759773689218,0,0.5913240537704885,0.74,0,0.5476
futurex_6963980d5a6f9800684ed66b,Will Indiana change its congressional voting map for the 2026 elections?,0,other,other_wording,debate_fixed,0.07217457587789271,0.005209169403153692,1,0.6433333333333333,0.07333333333333333,1,3,0,1,-0.4085,0.1,1,0.010000000000000002,0.06333333333333334,1,0.004011111111111112,0.781632294848728,0,0.6109490443504888,0.08,1,0.0064
futurex_6964e98652029b005bc00995,"Will the vice president of Sindnapi, Frei Chico, testify before the INSS CPMI?",0,politics_geo,deadline_event,final_correct,0.3309697990855918,0.10954100790675701,1,0.45,0.34,2,3,1,1,-0.08689999999999999,0.56,0,0.31360000000000005,0.38000000000000006,1,0.14440000000000006,0.4255353787278017,1,0.18108035854901366,0.29,1,0.0841
futurex_6964e98652029b005bc00997,Global presence of algae in coral reefs to increase in comparison to 2021?,1,other,other_wording,debate_erased_correct_minority,0.37194231070282247,0.39445646108531,0,0.48333333333333334,0.38000000000000006,1,0,0,0,0.11745555555555548,0.73,1,0.0729,0.64,1,0.1296,0.5673153855858962,1,0.18721597555068165,0.72,1,0.07840000000000001
futurex_6964e98652029b005bc009a2,Brazil in the top 10-20% countries in the 2026 Democracy Report ranking?,1,other,other_wording,final_correct,0.6516289809773113,0.12136236689490656,1,0.75,0.6466666666666666,3,3,1,1,0.06234444444444448,0.78,1,0.04839999999999999,0.33,0,0.4488999999999999,0.8091808786398276,1,0.03641193707666821,0.47,0,0.28090000000000004
futurex_6964e98652029b005bc009a4,Ecuador to improve its score in the 2026 Democracy Report ranking?,0,other,other_wording,final_correct,0.3551091939479566,0.12610253962636744,1,0.37999999999999995,0.3666666666666667,2,3,1,1,-0.009955555555555495,0.57,0,0.32489999999999997,0.4033333333333333,1,0.16267777777777775,0.2539439803439899,1,0.06448754515294873,0.54,0,0.2916
futurex_6964e98652029b005bc009a8,Will Arsenal win any major trophy in the 2025/2026 season?,1,sports,winner_outcome,final_correct,0.697263069791533,0.09164964891204624,1,0.6966666666666667,0.6966666666666667,3,3,1,1,0.0,0.61,1,0.1521,0.6966666666666667,1,0.09201111111111111,0.7032378479063618,1,0.08806777491524766,0.72,1,0.07840000000000001
futurex_6964e98652029b005bc009ae,Will Israel be excluded from Eurovision 2026?,0,politics_geo,other_wording,final_correct,0.28957043825186524,0.0838510387093773,1,0.2966666666666667,0.29,3,3,1,1,-0.003911111111111129,0.28,1,0.07840000000000001,0.27666666666666667,1,0.07654444444444444,0.29070364977495144,1,0.08450861199247763,0.31,1,0.0961
futurex_6964e98652029b005bc009af,Will Neymar play at least one match at the 2026 FIFA World Cup?,1,sports,threshold_range,final_correct,0.8668365976707371,0.01773249171990515,1,0.8433333333333334,0.8666666666666667,3,3,1,1,-0.00676666666666666,0.74,1,0.06760000000000001,0.77,1,0.05289999999999999,0.8644654499034857,1,0.018369614269864536,0.79,1,0.044099999999999986
futurex_6964e98652029b005bc009b0,Will Neymar be called up for the 2026 FIFA World Cup?,1,sports,other_wording,final_correct,0.6578296185320057,0.11708056995395272,1,0.7000000000000001,0.6566666666666667,3,3,1,1,0.02787777777777778,0.66,1,0.11559999999999998,0.7433333333333333,1,0.0658777777777778,0.727415544294389,1,0.07430228549232419,0.72,1,0.07840000000000001
futurex_6964e98652029b005bc009b3,"Will Ronaldo Caiado be confirmed as a presidential pre-candidate in Brazil by May 1, 2026?",1,other,deadline_event,final_correct,0.987701378358786,0.00015125609427373685,1,0.9566666666666667,0.9866666666666667,3,3,1,1,-0.0017000000000000008,0.97,1,0.0009000000000000016,0.9866666666666667,1,0.0001777777777777771,0.9671898894290172,1,0.0010765033556801185,0.98,1,0.0004000000000000007
futurex_6964e98952029b005bc009b6,The No-Bots Market. Which side will be automated-bots-free market close?,1,markets_finance_crypto,other_wording,debate_erased_correct_minority,0.3864521813056167,0.3764409258246358,0,0.4266666666666667,0.3866666666666667,1,0,0,0,0.04746666666666671,0.24,0,0.5776,0.84,1,0.02560000000000001,0.3948292968604922,0,0.3662315799383663,0.16,0,0.7055999999999999
futurex_6964e98952029b005bc009c2,RAS2026: Will One Battle After Another gather more Oscars nominations than Marty Supreme?,1,other,other_wording,final_correct,0.6515738761230213,0.1214007637999357,1,0.59,0.65,3,3,1,1,-0.04560000000000004,0.63,1,0.1369,0.69,1,0.09610000000000003,0.5955240534265365,1,0.16360079135649933,0.71,1,0.08410000000000002
futurex_6968de07e7876e006835e6b3,Will the US Storm Prediction Center issue a Tornado Watch between 12:00 am EST 1/18/26 and 11:59 pm EST 1/24/26?,0,other,other_wording,all_agents_wrong_from_start,0.5924508535026061,0.3509980138159664,0,0.6233333333333333,0.5733333333333334,0,0,0,0,-0.059833333333333294,0.64,0,0.4096,0.47333333333333333,1,0.22404444444444443,0.6669371319287439,0,0.44480513794533877,0.49,1,0.24009999999999998
futurex_6968de07e7876e006835e6b8,Will they pull a Nasrallah on Khamenei by end of January 2025?,0,other,deadline_event,final_correct,0.019999999999999993,0.00039999999999999975,1,0.02,0.02,3,3,1,1,0.0,0.07,1,0.004900000000000001,0.03,1,0.0009,0.017273312917055948,1,0.00029836733913053183,0.055,1,0.003025
futurex_696e274d183bed0068c24d04,North Korea missile launch by January 31?,1,tech_ai_product,deadline_event,final_correct,0.690448686635387,0.0958220156057568,1,0.68,0.69,3,3,1,1,-0.006299999999999931,0.86,1,0.019600000000000003,0.7066666666666667,1,0.08604444444444445,0.6959357438537767,1,0.09245507186575612,0.71,1,0.08410000000000002
futurex_6972189f11cfd2006997647f,"New METR SOTA by end of January, 2026?",1,other,deadline_event,debate_erased_correct_minority,0.31049504539761874,0.4754170824212318,0,0.36333333333333334,0.3133333333333333,1,0,0,0,0.0661666666666667,0.61,1,0.1521,0.30333333333333334,0,0.4853444444444444,0.23911814815468654,0,0.5789411924675535,0.31,0,0.4760999999999999
futurex_6974bba3b31670005dd8d70f,Will Dave Cole get angry at any KOH 26 Driver's meetings?,0,other,other_wording,final_correct,0.16227608385406794,0.026333527391012492,1,0.18666666666666668,0.16333333333333333,3,3,1,1,-0.008166666666666673,0.53,0,0.28090000000000004,0.24333333333333332,1,0.0592111111111111,0.11284076493854052,1,0.012733038231914955,0.27,1,0.0729
futurex_69775e8a96e2d900674cdd4a,Will the Seahawks beat the Patriots in the 2026 Superbowl?,1,other,winner_outcome,final_correct,0.6379486393224164,0.13108118776848973,1,0.6266666666666666,0.6366666666666667,3,3,1,1,-0.0073666666666667435,0.63,1,0.1369,0.58,1,0.17640000000000003,0.6664238873869154,1,0.11127302290605731,0.62,1,0.1444
futurex_6978b007edd409005eef0fa3,"Will ""Mortal Kombat II "" have a Rotten Tomatoes score above 79%?",0,other,threshold_range,final_correct,0.04625073692406639,0.0021391306660191976,1,0.049999999999999996,0.04666666666666667,3,3,1,1,-0.0003222222222222216,0.2,1,0.04000000000000001,0.06666666666666667,1,0.0044444444444444444,0.04333820754045049,1,0.0018782002328191594,0.16,1,0.0256
futurex_697a0186aaa579005fb3a50c,"Will Gustavo Petro stay in the U.S. longer than 5 consecutive days starting Feb 3, 2026?",0,other,other_wording,final_correct,0.14228503611123222,0.020245031501174657,1,0.3566666666666667,0.14666666666666667,2,3,1,1,-0.10570000000000002,0.17,1,0.028900000000000006,0.13333333333333333,1,0.017777777777777778,0.247005509089504,1,0.06101172152056504,0.18,1,0.0324
futurex_6981ea9930057a005cdb9e46,"Will global platinum availability fall below 2 million ounces by March 4, 2026, due to South African mine supply issues?",0,other,threshold_range,final_correct,0.06000000000000001,0.003600000000000001,1,0.08333333333333333,0.06,3,3,1,1,-0.003344444444444444,0.22,1,0.0484,0.09666666666666666,1,0.009344444444444443,0.07883954155748166,1,0.006215673312993877,0.19,1,0.0361
futurex_6981ea9930057a005cdb9e47,Will Nornickel's palladium production fall below 2.4 million ounces in 2026?,0,other,threshold_range,all_agents_wrong_from_start,0.710894736852659,0.5053713268848113,0,0.7266666666666666,0.6633333333333333,0,0,0,0,-0.08803333333333319,0.89,0,0.7921,0.7033333333333333,0,0.49467777777777766,0.7781991837378778,0,0.6055939695702992,0.86,0,0.7395999999999999
futurex_6981ea9930057a005cdb9e49,Is the shrinking cut-off in Diamond League fully intentional?,0,other,other_wording,all_agents_wrong_from_start,0.8138992106881627,0.6624319251588143,0,0.7533333333333333,0.8133333333333334,0,0,0,0,0.09400000000000008,0.82,0,0.6723999999999999,0.85,0,0.7224999999999999,0.7570779364714151,0,0.573167001891816,0.84,0,0.7055999999999999
futurex_6987308956940e0068395804,Will a NON mercedes engine car win the 2026 Formula 1 Australian Grand Prix?,0,sports,winner_outcome,all_agents_wrong_from_start,0.6598201438729608,0.43536262226053474,0,0.6466666666666666,0.6566666666666667,0,0,0,0,0.013033333333333508,0.52,0,0.27040000000000003,0.7600000000000001,0,0.5776000000000002,0.6726742859145354,0,0.4524906949306301,0.61,0,0.3721
futurex_698b2507175d47006853871b,Will the Nepali Congress party win the most seats in the 2026 Nepali House of Representatives elections?,0,sports,winner_outcome,final_correct,0.4023487282727358,0.1618844991426878,1,0.41,0.4033333333333333,3,3,1,1,-0.005422222222222217,0.46,1,0.2116,0.37666666666666665,1,0.14187777777777777,0.40297776825667053,1,0.16239108170912686,0.5,0,0.25
futurex_698b2507175d47006853871c,"Before 7 March 2026, will an NHL team other than the Pittsburgh Penguins publicly announce or acknowledge that Sidney Crosby will join its roster as a player eligible for the playoffs of the 2025/26 NHL season?",0,sports,deadline_event,final_correct,0.04625073692406639,0.0021391306660191976,1,0.06333333333333334,0.04666666666666667,3,3,1,1,-0.001833333333333334,0.11,1,0.0121,0.08,1,0.0064,0.053548013664472136,1,0.0028673897674104947,0.11,1,0.0121
futurex_698f1987da7a8b006575442d,China's monthly consumer inflation (CPI) greater than 0.2% in February?,1,markets_finance_crypto,other_wording,final_correct,0.6844087833671556,0.09959781601579892,1,0.7366666666666667,0.6833333333333332,3,3,1,1,0.03093333333333341,0.72,1,0.07840000000000001,0.6866666666666666,1,0.0981777777777778,0.7429236330854999,1,0.06608825842595868,0.61,1,0.1521
futurex_6995b1073ea64b005b11f2a1,Will the president of the United States and Nicolás Maduro meet in person before 19 March 2026?,0,politics_geo,deadline_event,final_correct,0.2261264287305937,0.05113316177045227,1,0.3666666666666667,0.22666666666666666,2,3,1,1,-0.0830666666666667,0.91,0,0.8281000000000001,0.69,0,0.4760999999999999,0.2922198495317122,1,0.08539244046033652,0.78,0,0.6084
futurex_6995b10b3ea64b005b11f2a9,Is the ASU Frat Leader an ASU Frat Leader???,0,other,other_wording,final_correct,0.10808829018740275,0.011683078475636186,1,0.36000000000000004,0.10999999999999999,1,3,1,1,-0.11750000000000002,0.12,1,0.0144,0.62,0,0.3844,0.08000000000000002,1,0.006400000000000003,0.12,1,0.0144
futurex_6999a58817d430006670a390,Will Aonishiki Arata be promoted to yokozuna after the Haru Basho 2026?,0,other,other_wording,final_correct,0.019999999999999993,0.00039999999999999975,1,0.02,0.02,3,3,1,1,0.0,0.06,1,0.0036,0.08,1,0.0064,0.017273312917055948,1,0.00029836733913053183,0.06,1,0.0036
futurex_699c4887d1d3cf005c1e48ac,Infinite Games 26 - Will the champion of the Electric-Knife win all matches undefeated?,1,sports,winner_outcome,all_agents_wrong_from_start,0.17271564877660373,0.6843993977791157,0,0.19000000000000003,0.17333333333333334,0,0,0,0,0.027277777777777845,0.2,0,0.6400000000000001,0.19999999999999998,0,0.6400000000000001,0.1715966309997179,0,0.6862521417710176,0.12,0,0.7744
futurex_699d9a1a098cca008728b6cf,"Mexico City (CDMX) above ""Exercise increased caution"" trav advisory by mid march?",0,other,threshold_range,all_agents_wrong_from_start,0.6091681739352804,0.3710858641356441,0,0.9133333333333334,0.6266666666666666,0,1,0,0,-0.441466666666667,0.06,1,0.0036,0.9666666666666667,0,0.9344444444444444,0.9420080032299367,0,0.8873790781492524,0.09,1,0.0081
futurex_699d9a1a098cca008728b6d1,Will Tiger Zhang finish problem set 2 for 18.905 on time?,0,other,other_wording,all_agents_wrong_from_start,0.5611378528389851,0.3148756898887465,0,0.58,0.56,0,0,0,0,-0.02279999999999993,0.57,0,0.32489999999999997,0.3133333333333333,1,0.09817777777777775,0.58,0,0.3364,0.44,1,0.1936
futurex_699d9a1a098cca008728b6d6,"Will ""top fast food"" market have a surprising winner?",0,markets_finance_crypto,winner_outcome,all_agents_wrong_from_start,0.5594624844744043,0.31299827153427306,0,0.5533333333333333,0.5566666666666666,0,0,0,0,0.003699999999999981,0.2,1,0.04000000000000001,0.5,0,0.25,0.5601624985272873,0,0.3137820247563331,0.61,0,0.3721
futurex_699d9a1a098cca008728b6df,Will Teyana Taylor win best supporting actress at OSCAR 2026?,0,sports,winner_outcome,final_correct,0.4099999999999999,0.16809999999999994,1,0.41,0.41,3,3,1,1,0.0,0.46,1,0.2116,0.5933333333333333,0,0.3520444444444444,0.37637920501933714,1,0.14166130597098822,0.42,1,0.17639999999999997
futurex_699d9ffc098cca008728b6f0,Will the US PCE annual inflation be greater than 2.9% in January?,0,markets_finance_crypto,other_wording,final_correct,0.43630557758792604,0.19036255703433375,1,0.4466666666666667,0.4366666666666667,2,3,1,1,-0.008833333333333332,0.58,0,0.3364,0.54,0,0.2916,0.41539048384341587,1,0.17254925406766713,0.58,0,0.3364
futurex_69a03d1781109300686005e1,Will this market get between 35 and 55 traders?,0,markets_finance_crypto,other_wording,all_agents_wrong_from_start,0.5438532755521591,0.29577638532881273,0,0.5566666666666666,0.5433333333333333,0,0,0,0,-0.014666666666666661,0.57,0,0.32489999999999997,0.5466666666666667,0,0.2988444444444445,0.5642466183393678,0,0.31837424630741223,0.47,1,0.22089999999999999
futurex_69a03d1781109300686005e4,Will MAA release any of the 2026 USA(J)MO Cutoffs?,0,tech_ai_product,other_wording,all_agents_wrong_from_start,0.9369573361057246,0.8778890496823358,0,0.9233333333333333,0.9366666666666666,0,0,0,0,0.024799999999999933,0.82,0,0.6723999999999999,0.7533333333333333,0,0.5675111111111111,0.9539233202863011,0,0.909969700986041,0.36,1,0.1296
futurex_69a2e0165692ef005cdbf23e,Trump Sucks?,0,politics_geo,other_wording,debate_erased_correct_minority,0.6743536472806122,0.4547528416006643,0,0.5033333333333333,0.66,1,0,0,0,0.18225555555555562,0.83,0,0.6889,0.93,0,0.8649000000000001,0.33165092396785967,1,0.10999233536873504,0.82,0,0.6723999999999999
futurex_69a2e39e5692ef005cdbf25f,Will a new country join the Abraham Accords by March 31?,0,other,deadline_event,final_correct,0.19234705331796106,0.036997388920102556,1,0.20666666666666667,0.19333333333333333,3,3,1,1,-0.005333333333333336,0.23,1,0.0529,0.19666666666666666,1,0.038677777777777776,0.17682057128094888,1,0.03126551442812112,0.27,1,0.0729
futurex_69a2e39e5692ef005cdbf26e,Will Israel launch a major ground offensive in Lebanon by March 31?,1,tech_ai_product,deadline_event,final_correct,0.559416391417764,0.19411391615134493,1,0.51,0.5499999999999999,2,3,1,1,-0.03759999999999991,0.57,1,0.18490000000000004,0.6033333333333334,1,0.1573444444444444,0.4763518543510777,0,0.274207380441555,0.5,1,0.25
futurex_69a2e39e5692ef005cdbf273,FIFA World Cup 2026 Qualification Longshots Parlay,0,sports,other_wording,debate_fixed,0.4277233017254103,0.18294722283888637,1,0.6066666666666667,0.4466666666666666,1,2,0,1,-0.1685333333333334,0.97,0,0.9409,0.5866666666666666,0,0.34417777777777764,0.5888488650348422,0,0.34674298585282187,0.53,0,0.28090000000000004
futurex_69a2e39e5692ef005cdbf27c,Robinhood launches prediction market through MIAXdx by March 31?,0,markets_finance_crypto,deadline_event,final_correct,0.04625073692406639,0.0021391306660191976,1,0.06,0.04666666666666667,3,3,1,1,-0.0014222222222222219,0.69,0,0.4760999999999999,0.10333333333333333,1,0.010677777777777777,0.05608087869234725,1,0.0031450649549057677,0.81,0,0.6561000000000001
futurex_69a2e39e5692ef005cdbf27e,Mamdani removes Jessica Tisch as NYC Police Commissioner by March 31?,0,other,deadline_event,final_correct,0.02594983812391057,0.0006733940986571624,1,0.03333333333333333,0.02666666666666667,3,3,1,1,-0.00039999999999999986,0.02,1,0.0004,0.043333333333333335,1,0.001877777777777778,0.026752637649345865,1,0.0007157036211971978,0.03,1,0.0009
futurex_69a2e39e5692ef005cdbf298,Will Apple release a new version of the Apple TV by March 31?,0,tech_ai_product,deadline_event,all_agents_wrong_from_start,0.6571082098782095,0.431791199489345,0,0.6733333333333333,0.6333333333333333,0,0,0,0,-0.052266666666666683,0.7,0,0.48999999999999994,0.45999999999999996,1,0.21159999999999995,0.6850263601154006,0,0.46926111405295456,0.24,1,0.0576
futurex_69a2e39e5692ef005cdbf2a8,50m views on a MrBeast video in the first day by March 31?,0,other,threshold_range,debate_fixed,0.22092430765027107,0.04880754971075162,1,0.5533333333333333,0.22999999999999998,1,3,0,1,-0.25327777777777777,0.78,0,0.6084,0.8933333333333334,0,0.7980444444444446,0.5872408032590434,0,0.3448517610123265,0.88,0,0.7744
futurex_69a4319df2cb3b006875e9c2,"Can this AI Trading Bot turn $100 into $1,000 live on Twitch? Round 1",0,tech_ai_product,other_wording,final_correct,0.24879659963376213,0.061899747989322525,1,0.26,0.25,3,3,1,1,-0.005100000000000007,0.58,0,0.3364,0.39666666666666667,1,0.15734444444444445,0.25476965310097427,1,0.06490757614119076,0.46,1,0.2116
futurex_69a4319df2cb3b006875e9c3,Will the USS Abraham Lincoln (CVN-72) sustain battle damage caused directly by Iranian military forces before 31 march,0,other,deadline_event,final_correct,0.022676711595915645,0.0005142332488043351,1,0.02666666666666667,0.023333333333333334,3,3,1,1,-0.00016666666666666674,0.03,1,0.0009,0.05000000000000001,1,0.002500000000000001,0.02594983812391057,1,0.0006733940986571624,0.03,1,0.0009
futurex_69a4319df2cb3b006875e9c5,Is Saint Sommers dead after Loki and Luffys attack in Chapter 1175?,0,other,other_wording,final_correct,0.14951518943262476,0.022354791871073667,1,0.17666666666666667,0.15,3,3,1,1,-0.00871111111111111,0.22,1,0.0484,0.13,1,0.016900000000000002,0.16732280074271494,1,0.027996919648386288,0.18,1,0.0324
futurex_69a5830b7554ef0068e464af,Will Marty Supreme win any Oscars in 2026?,0,sports,winner_outcome,all_agents_wrong_from_start,0.824396307730166,0.6796292721991306,0,0.8300000000000001,0.8233333333333333,0,0,0,0,-0.011022222222222378,0.78,0,0.6084,0.7966666666666667,0,0.6346777777777779,0.852808662653016,0,0.7272826150960257,0.84,0,0.7055999999999999
futurex_69a5830b7554ef0068e464be,"Will foreign airlines resume commercial passenger flights to Aviv (TLV) by March 15, 2026?",0,other,deadline_event,all_agents_wrong_from_start,0.9634079384598204,0.9281548558874011,0,0.9233333333333333,0.96,0,0,0,0,0.06905555555555554,0.86,0,0.7395999999999999,0.9266666666666667,0,0.8587111111111113,0.945492931147585,0,0.8939568828500519,0.91,0,0.8281000000000001
futurex_69a6d48ee78a390068a18725,"Will the share of global silver production disrupted by violence in Mexico exceed 10% on April 1, 2026?",0,other,threshold_range,final_correct,0.09793472478407761,0.009591210318533026,1,0.11666666666666665,0.09999999999999999,3,3,1,1,-0.00361111111111111,0.17,1,0.028900000000000006,0.1466666666666667,1,0.02151111111111112,0.08012074322950391,1,0.0064193334956480965,0.17,1,0.028900000000000006
futurex_69a6d48ee78a390068a18727,"Will the share of global silver production disrupted by violence in Mexico exceed 5% on April 1, 2026?",0,other,threshold_range,final_correct,0.21276276486782772,0.04526799411420254,1,0.21666666666666667,0.21333333333333335,3,3,1,1,-0.0014333333333333281,0.18,1,0.0324,0.17666666666666667,1,0.03121111111111111,0.2121123625945243,1,0.04499165436543095,0.17,1,0.028900000000000006
futurex_69a6d48ee78a390068a18729,"Will the share of global silver production disrupted by violence in Mexico exceed 1.0% on April 1, 2026?",0,other,threshold_range,final_correct,0.3917678744491275,0.1534820674503873,1,0.4633333333333334,0.3933333333333333,2,3,1,1,-0.059966666666666724,0.13,1,0.016900000000000002,0.19999999999999998,1,0.039999999999999994,0.5218363772128546,0,0.27231320458263664,0.13,1,0.016900000000000002
futurex_69a6d48ee78a390068a18736,"Will the Canada-India uranium supply agreement size exceed 2.5 billion USD on April 1, 2026?",0,politics_geo,threshold_range,all_agents_wrong_from_start,0.9638558008656991,0.9290180048624582,0,0.9466666666666667,0.9633333333333333,0,0,0,0,0.03183333333333327,0.18,1,0.0324,0.36000000000000004,1,0.12960000000000002,0.9520703431889255,0,0.9064379383798783,0.98,0,0.9603999999999999
futurex_69a6d48ee78a390068a18746,"Will the TTM APT price in Rotterdam exceed 1800 USD/mtu April 1, 2026?",1,markets_finance_crypto,threshold_range,final_correct,0.971796421895502,0.0007954418178965206,1,0.9466666666666667,0.9700000000000001,3,3,1,1,-0.0019444444444444505,0.96,1,0.001600000000000003,0.9433333333333334,1,0.0032111111111111086,0.9520703431889255,1,0.002297252002027383,0.94,1,0.0036000000000000064
futurex_69a6d48ee78a390068a18749,"Will the lithium carbonate spot price exceed $25,000 per metric ton on April 1, 2026?",1,markets_finance_crypto,threshold_range,all_agents_wrong_from_start,0.06304266389427549,0.8778890496823356,0,0.05333333333333334,0.06333333333333334,0,0,0,0,-0.01883333333333337,0.06,0,0.8835999999999999,0.1366666666666667,0,0.7453444444444444,0.04792965681107456,0,0.9064379383798783,0.06,0,0.8835999999999999
futurex_69a6d48ee78a390068a1874c,"Will the TTM tantalum price for concentrate imports exceed USD/lb on April 1, 2026?",0,markets_finance_crypto,threshold_range,final_correct,0.3661660646070099,0.13407758686978494,1,0.43,0.37333333333333335,2,3,1,1,-0.045522222222222186,0.58,0,0.3364,0.5966666666666667,0,0.3560111111111111,0.33802008174095977,1,0.11425757566016512,0.53,0,0.28090000000000004
futurex_69a6d48ee78a390068a1874e,"Will the TTM tantalum concentrate import price exceed 155 USD/lb on April 1, 2026?",0,markets_finance_crypto,threshold_range,all_agents_wrong_from_start,0.6654197070411552,0.4427833865187368,0,0.6766666666666667,0.6633333333333334,0,0,0,0,-0.017866666666666642,0.74,0,0.5476,0.6966666666666667,0,0.4853444444444444,0.692267838042014,0,0.4792347595873641,0.64,0,0.4096
futurex_69a830e529c5bb005eeeb104,Will DeepSeek release V4 in March 2026?,0,tech_ai_product,other_wording,all_agents_wrong_from_start,0.6578296185320057,0.43273980701796416,0,0.6266666666666666,0.6566666666666667,0,0,0,0,0.0385000000000002,0.44,1,0.1936,0.3666666666666667,1,0.13444444444444448,0.6416076028035297,0,0.4116603159752919,0.55,0,0.30250000000000005
futurex_69a977a47e9d43005df0d703,"Will NVIDIA stock be higher on March 16, 2026 than on March 09, 2026?",0,markets_finance_crypto,other_wording,all_agents_wrong_from_start,0.5537586582746299,0.3066486516141183,0,0.57,0.5533333333333333,0,0,0,0,-0.018722222222222196,0.56,0,0.31360000000000005,0.55,0,0.30250000000000005,0.5709838308710286,0,0.32602253511615537,0.56,0,0.31360000000000005
futurex_69ac1a945b8448005d44c09f,Will GPT-5.4 outperform Claude Opus 4.6 at METR 50% time horizon?,0,tech_ai_product,other_wording,final_correct,0.3702446011278748,0.1370810646643391,1,0.40666666666666673,0.38000000000000006,2,3,1,1,-0.020977777777777762,0.34,1,0.11560000000000002,0.29,1,0.0841,0.3380276052780456,1,0.1142626619300102,0.3,1,0.09
futurex_69aebd8793e1240067e5c00c,Stock prices on March 13: higher than on March 6?,1,markets_finance_crypto,other_wording,final_correct,0.5540452039785836,0.19887568009450313,1,0.5599999999999999,0.55,3,3,1,1,0.008899999999999908,0.55,1,0.20249999999999996,0.56,1,0.19359999999999997,0.5633926690821002,1,0.1906259614112525,0.56,1,0.19359999999999997
futurex_69aebd8a93e1240067e5c02c,Will there be a ceasefire announced between US/Israel and Iran between 11th and 15th March 2026?,0,tech_ai_product,other_wording,final_correct,0.2365278626669274,0.05594542981778487,1,0.25666666666666665,0.23666666666666666,3,3,1,1,-0.009866666666666662,0.18,1,0.0324,0.27,1,0.0729,0.2348121415525172,1,0.055136741820479375,0.42,1,0.17639999999999997
futurex_69b160921ebfe30068c2cdd0,Will Fortnite release a new update next week?,1,tech_ai_product,other_wording,final_correct,0.9394105164234835,0.003671085520068963,1,0.91,0.9333333333333332,3,3,1,1,-0.003655555555555537,0.91,1,0.008099999999999994,0.86,1,0.019600000000000003,0.9154647086342687,1,0.007146215486289092,0.96,1,0.001600000000000003
futurex_69b2b226782d0900685d5fb4,Assassin's Creed: Black Flag Resynced (remake) Announced March 20th,0,tech_ai_product,other_wording,all_agents_wrong_from_start,0.980163645947761,0.9607207728376077,0,0.9700000000000001,0.9700000000000001,0,0,0,0,0.0,0.97,0,0.9409,0.02333333333333333,1,0.0005444444444444443,0.9699999999999999,0,0.9408999999999997,0.97,0,0.9409
futurex_69b2b226782d0900685d5fbd,Success Final V5,0,other,other_wording,debate_fixed,0.18962748918546302,0.035958584654782896,1,0.5066666666666667,0.24,1,3,0,1,-0.19911111111111118,0.97,0,0.9409,0.5733333333333334,0,0.3287111111111111,0.5554938956714762,0,0.3085734681282729,0.88,0,0.7744
futurex_69b403b749eb3f005a923d0d,Will the 2026 Triton Jeju $100K Main Event exceed 250 entries?,0,other,threshold_range,all_agents_wrong_from_start,0.6540058173135515,0.4277236090799664,0,0.6533333333333333,0.6533333333333333,0,0,0,0,0.0,0.78,0,0.6084,0.66,0,0.43560000000000004,0.6710437162480257,0,0.45029966911596087,0.76,0,0.5776
futurex_69b403b749eb3f005a923d0e,Italy judicial reform: Will turnout at the March 2026 referendum exceed 50%?,1,other,threshold_range,all_agents_wrong_from_start,0.2643714514838664,0.5411493613919535,0,0.26666666666666666,0.26666666666666666,0,0,0,0,0.0,0.28,0,0.5184,0.04,0,0.9216,0.19428349646823034,0,0.6491790840634603,0.29,0,0.5041
futurex_69b403b749eb3f005a923d11,will CS camp happen?,0,other,other_wording,all_agents_wrong_from_start,0.9546476595956671,0.9113521539714847,0,0.9233333333333333,0.9500000000000001,0,0,0,0,0.04995555555555564,0.93,0,0.8649000000000001,0.9366666666666666,0,0.8773444444444444,0.9405903424516844,0,0.8847101923133769,0.95,0,0.9025
futurex_69b7f816d596fb005d43a314,Will both Scottie Scheffler & Rory Mcllroy make the cut at the 2026 Masters tournament?,1,other,other_wording,final_correct,0.9489927221971906,0.0026017423888529774,1,0.94,0.9466666666666667,3,3,1,1,-0.000755555555555561,0.96,1,0.001600000000000003,0.9573333333333333,1,0.001820444444444451,0.9575376239155329,1,0.0018030533827387255,0.93,1,0.004899999999999993
futurex_69b7fb68d596fb005d43a329,Another US bank failure by March 31?,0,markets_finance_crypto,deadline_event,final_correct,0.305966438561057,0.09361546152573706,1,0.37999999999999995,0.31,2,3,1,1,-0.04829999999999997,0.28,1,0.07840000000000001,0.6,0,0.36,0.25463002890553227,1,0.0648364516204322,0.24,1,0.0576
futurex_69ba9b2453c457006694bc58,Will Anthropic release a model with a higher version number 4.6 by April 15th?,0,tech_ai_product,deadline_event,all_agents_wrong_from_start,0.98452437018939,0.969288235496815,0,0.9433333333333334,0.9833333333333334,0,0,0,0,0.07706666666666684,0.96,0,0.9216,0.965,0,0.931225,0.9520718169021376,0,0.9064407445393374,0.999,0,0.998001
futurex_69ba9b2453c457006694bc5b,Will China get involved in the Iran war.,0,politics_geo,other_wording,final_correct,0.387628586042216,0.15025592071708765,1,0.48,0.3933333333333333,2,3,1,1,-0.07568888888888889,0.24,1,0.0576,0.18000000000000002,1,0.032400000000000005,0.5312158729647706,0,0.28219030368972325,0.28,1,0.07840000000000001
futurex_69ba9e5f53c457006694bc8d,Will Trump sue Michael Wolff by March 31?,0,politics_geo,deadline_event,final_correct,0.2295867933743499,0.05271009569191643,1,0.37333333333333335,0.22999999999999998,2,3,1,1,-0.0864777777777778,0.62,0,0.3844,0.15666666666666665,1,0.024544444444444438,0.3080476804857742,1,0.09489337345266563,0.93,0,0.8649000000000001
futurex_69bd3e2828f858005eb9389e,Will America send troops to Iran within this week?,0,politics_geo,deadline_event,wrong_majority_persisted,0.5244847280519725,0.2750842299597516,0,0.6033333333333334,0.5233333333333333,1,1,0,0,-0.0901333333333334,0.48,1,0.2304,0.39666666666666667,1,0.15734444444444445,0.6913610989508135,0,0.4779801691424766,0.64,0,0.4096
futurex_69bd3e2828f858005eb938ab,Will Ethereum outperform Bitcoin over the next 30 days?,1,markets_finance_crypto,threshold_range,all_agents_wrong_from_start,0.4329907012785202,0.3214995448366244,0,0.43999999999999995,0.43333333333333335,0,0,0,0,0.007511111111111024,0.54,1,0.21159999999999995,0.4466666666666667,0,0.30617777777777766,0.43210455761300764,0,0.3225052334839178,0.53,1,0.22089999999999999
futurex_69be8f979ade34005c7c7417,Will Vijay's TVK party contest all 234 TN assembly seats?,1,other,other_wording,final_correct,0.9613698718161753,0.001492286803498729,1,0.9233333333333333,0.96,3,3,1,1,-0.0042777777777777744,0.94,1,0.0036000000000000064,0.9633333333333333,1,0.0013444444444444495,0.945492931147585,1,0.0029710205548819056,0.9,1,0.009999999999999995
futurex_69be8f979ade34005c7c7420,Will a levels get cancelled,1,other,other_wording,all_agents_wrong_from_start,0.07639831893420096,0.8530400652675698,0,0.08,0.07666666666666667,0,0,0,0,0.006144444444444397,0.07,0,0.8648999999999999,0.11333333333333333,0,0.7861777777777779,0.08000000000000002,0,0.8463999999999998,0.1,0,0.81
futurex_69c2841b9bbfb400688c0c17,Will Hans Niemann win the 12 Game Showdown vs. Awonder Liang?,1,sports,winner_outcome,final_correct,0.52,0.2304,1,0.5233333333333333,0.5133333333333333,2,3,1,1,0.009633333333333355,0.56,1,0.19359999999999997,0.53,1,0.22089999999999999,0.5329130291550572,1,0.21817023833310442,0.57,1,0.18490000000000004
futurex_69c3d5a5dca5a1006806e408,"Will Terminator2 have at least 100 followers on X/Twitter by 23, 2026?",0,other,threshold_range,all_agents_wrong_from_start,0.7766026358379111,0.6031116539903912,0,0.7533333333333333,0.7733333333333334,0,0,0,0,0.030533333333333523,0.62,0,0.3844,0.9899999999999999,0,0.9800999999999997,0.8347861446307138,0,0.696867907267411,0.82,0,0.6723999999999999
futurex_69c527154b6f01005cae1313,Will the Trump-Xi April 2026 summit produce a bilateral trade agreement?,0,politics_geo,other_wording,debate_broke_mean_label,0.535720049842126,0.2869959718028499,0,0.49666666666666676,0.5233333333333333,1,0,1,0,0.02719999999999992,0.61,0,0.3721,0.5633333333333334,0,0.3173444444444445,0.46582358004467056,1,0.2169916077256336,0.51,0,0.2601
futurex_69c527154b6f01005cae1314,"Will the DHS partial shutdown end by April 15, 2026?",0,other,deadline_event,all_agents_wrong_from_start,0.6723266881683878,0.4520231756234726,0,0.7666666666666666,0.66,0,0,0,0,-0.1521777777777777,0.78,0,0.6084,0.6366666666666667,0,0.4053444444444445,0.7687788687699393,0,0.5910209490671875,0.61,0,0.3721
futurex_69c527154b6f01005cae131d,Will Tetra buy new clothes in the next two weeks?,0,other,other_wording,all_agents_wrong_from_start,0.5570665774815512,0.3103231717470091,0,0.5633333333333334,0.5566666666666668,0,0,0,0,-0.0074666666666666215,0.51,0,0.2601,0.5,0,0.25,0.6115240416989557,0,0.3739616535758261,0.56,0,0.31360000000000005
futurex_69c67896bec6ae005c08110b,"Will Iran release the seized tanker in the Strait of Hormuz before April 15, 2026?",0,tech_ai_product,deadline_event,all_agents_wrong_from_start,0.5670092987214796,0.32149954483662413,0,0.5966666666666667,0.5666666666666667,0,0,0,0,-0.03490000000000004,0.18,1,0.0324,0.4166666666666667,1,0.17361111111111113,0.6028653035967085,0,0.36344657428075156,0.37,1,0.1369
futurex_69c91badcce3f3005ffaf9d9,Will the Charlotte Hornets finish in the top 7 in the Eastern Conference?,0,other,threshold_range,final_correct,0.21958421667553646,0.048217228213008945,1,0.22666666666666668,0.22,3,3,1,1,-0.0029777777777777875,0.28,1,0.07840000000000001,0.22,1,0.0484,0.2181036147349837,1,0.047569186760466196,0.22,1,0.0484
futurex_69ca6d09e1dfbe005d9412e6,"Will whitehouse.gov publish a new post containing ""middle class"" before April 15, 2026?",1,other,deadline_event,final_correct,0.7039052666374722,0.08767209112502643,1,0.6933333333333334,0.7033333333333333,3,3,1,1,-0.0060333333333332795,0.78,1,0.04839999999999999,0.7233333333333333,1,0.07654444444444448,0.6969157773227338,1,0.09186004603588269,0.71,1,0.08410000000000002
futurex_69ca6d09e1dfbe005d9412ec,Will Anthropic Announce something about Claude Mythos before Monday April 13th?,1,tech_ai_product,deadline_event,final_correct,0.95820286460445,0.001747000527273936,1,0.7733333333333333,0.9333333333333332,3,3,1,1,-0.04693333333333333,0.84,1,0.02560000000000001,0.9433333333333334,1,0.0032111111111111086,0.8300252614466671,1,0.02889141174627387,0.97,1,0.0009000000000000016
futurex_69ca71bce1dfbe005d941310,Will BC.Game make a roster move before May?,1,sports,deadline_event,final_correct,0.9773232884040844,0.000514233248804331,1,0.9266666666666667,0.9766666666666666,3,3,1,1,-0.004833333333333316,0.96,1,0.001600000000000003,0.9899999999999999,1,0.0001000000000000024,0.9305818416440539,1,0.004818880709531211,0.995,1,2.5000000000000045e-05
futurex_69cbbeac64341d005ceae852,"Will Rystad's Gulf energy infrastructure repair estimate exceed 35 billion on April 30, 2026?",1,other,threshold_range,final_correct,0.967156177334015,0.0010787166873146672,1,0.9133333333333334,0.9666666666666667,3,3,1,1,-0.006399999999999982,0.97,1,0.0009000000000000016,0.9766666666666666,1,0.0005444444444444488,0.9420080032299367,1,0.00336307168937903,0.98,1,0.0004000000000000007
futurex_69cbbeac64341d005ceae85d,"Will the WTI Crude Oil Spot Price be above $100 on April 10, 2026?",0,markets_finance_crypto,threshold_range,final_correct,0.22436517462853223,0.050339731586091764,1,0.25333333333333335,0.22666666666666666,3,3,1,1,-0.01280000000000002,0.56,0,0.31360000000000005,0.17666666666666667,1,0.03121111111111111,0.2061831346213124,1,0.042511485002270234,0.31,1,0.0961
futurex_69cbbeac64341d005ceae85f,Any of the stolen KitKats recovered by April 12?,0,other,deadline_event,final_correct,0.08000000000000002,0.006400000000000003,1,0.09000000000000001,0.08,3,3,1,1,-0.001700000000000001,0.12,1,0.0144,0.11,1,0.0121,0.07912145751145891,1,0.006260205038737598,0.07,1,0.004900000000000001
futurex_69cbbeac64341d005ceae861,Bab el-Mandeb strait closed by April 30?,0,other,deadline_event,final_correct,0.17651585488818292,0.03115784702690605,1,0.18666666666666668,0.17666666666666667,3,3,1,1,-0.003633333333333339,0.18,1,0.0324,0.14,1,0.019600000000000003,0.1699813208858825,1,0.028893649450109353,0.18,1,0.0324
futurex_69cd100f84ea010067ba2270,Bitcoin 60000€ at the end of april?,1,markets_finance_crypto,deadline_event,all_agents_wrong_from_start,0.2761141987619753,0.524010653234017,0,0.27,0.27666666666666667,0,0,0,0,-0.009688888888888747,0.22,0,0.6084,0.29666666666666663,0,0.4946777777777778,0.26092873587998366,0,0.5462263334479589,0.27,0,0.5328999999999999
futurex_69cd100f84ea010067ba2278,Bitcoin $60K in April?,0,markets_finance_crypto,threshold_range,all_agents_wrong_from_start,0.691793983577289,0.47857891571373445,0,0.6933333333333334,0.69,0,0,0,0,-0.004611111111111232,0.41,1,0.16809999999999997,0.56,0,0.31360000000000005,0.6957671240928155,0,0.48409189096838734,0.6,0,0.36
futurex_69cd100f84ea010067ba2288,Will ICE kill a person by the End of April 2026?,0,politics_geo,deadline_event,all_agents_wrong_from_start,0.9989999999999999,0.9980009999999998,0,0.9899999999999999,0.999,0,0,0,0,0.017901000000000278,0.99,0,0.9801,0.999,0,0.998001,0.99,0,0.9801,0.999,0,0.998001
futurex_69cd135684ea010067ba22d3,Will Trump attend UFC 327?,1,sports,other_wording,final_correct,0.9781716830874803,0.00047647541923339536,1,0.9700000000000001,0.9773333333333333,3,3,1,1,-0.00038622222222221467,0.97,1,0.0009000000000000016,0.9700000000000001,1,0.000899999999999995,0.971796421895502,1,0.0007954418178965206,0.97,1,0.0009000000000000016
futurex_69ce6197dcd4cd005c5bf063,"Will Trump announce a ""Ground"" military operation in Iran by April 10?",0,politics_geo,deadline_event,final_correct,0.05904309252001924,0.003486086774327552,1,0.07333333333333333,0.06,3,3,1,1,-0.0017777777777777783,0.03,1,0.0009,0.056666666666666664,1,0.0032111111111111108,0.07217457587789271,1,0.005209169403153692,0.03,1,0.0009
futurex_69ce6197dcd4cd005c5bf064,Will the Los Angeles Lakers finish the 2025-26 regular season as the #3 seed or higher in the Western Conference?,0,other,other_wording,final_correct,0.27319467511025697,0.07463533050859886,1,0.26666666666666666,0.2733333333333334,3,3,1,1,0.00360000000000002,0.22,1,0.0484,0.27,1,0.0729,0.2591286644004525,1,0.06714766471396234,0.27,1,0.0729
futurex_69cfb31ceb291a006aa6e4b3,Will Brent crude oil drop below $90/barrel at any point in April 2026?,1,markets_finance_crypto,threshold_range,final_correct,0.8514281874359234,0.022073583488575105,1,0.5599999999999999,0.6266666666666666,2,2,1,1,-0.05422222222222223,0.82,1,0.03240000000000002,0.9433333333333334,1,0.0032111111111111086,0.5374431018297573,1,0.21395888404487629,0.14,0,0.7395999999999999
futurex_69d104ace1dc2a005c2219c4,Will Shrek get more Wikipedia pageviews than Bitcoin in April 2026?,0,markets_finance_crypto,other_wording,final_correct,0.21968828846806485,0.048262944090027675,1,0.29,0.2233333333333333,3,3,1,1,-0.03422222222222223,0.08,1,0.0064,0.08,1,0.0064,0.23196056984845137,1,0.053805705964418284,0.09,1,0.0081
futurex_69d2560b92520400680b171f,"Will a tornado outbreak occur on either April 12, 13, 14 or 15 in the USA?",1,other,other_wording,debate_broke_mean_label,0.41306446702131067,0.34449331987297815,0,0.5299999999999999,0.41333333333333333,2,0,1,0,0.12327777777777774,0.58,1,0.17640000000000003,0.47333333333333333,0,0.2773777777777777,0.5284995705623879,1,0.22231265495985258,0.52,1,0.2304
futurex_69d2560b92520400680b172a,"Will Brent Crude Oil close above $120 on April 15th, 2026?",0,markets_finance_crypto,threshold_range,final_correct,0.2897184364725138,0.083936772432078,1,0.37000000000000005,0.2966666666666667,2,3,1,1,-0.048888888888888926,0.27,1,0.0729,0.17666666666666667,1,0.03121111111111111,0.2983532859484023,1,0.08901468323620912,0.31,1,0.0961
futurex_69d3a7a3e53ae80066abf5aa,Will Solana (SOL) be below $86 on May 1?,1,markets_finance_crypto,threshold_range,final_correct,0.7466274222620116,0.06419766314959297,1,0.6633333333333333,0.7399999999999999,3,3,1,1,-0.04574444444444438,0.62,1,0.1444,0.6833333333333332,1,0.10027777777777784,0.7206811201992331,1,0.07801903661315525,0.76,1,0.0576
futurex_69d3a7a3e53ae80066abf5b3,"Will COMEX Gold (June 2026) touch $5000.00 at any point before April 25, 2026?",0,markets_finance_crypto,deadline_event,final_correct,0.33823065649872736,0.1143999769955601,1,0.4466666666666666,0.36000000000000004,2,3,1,1,-0.06991111111111104,0.82,0,0.6723999999999999,0.13999999999999999,1,0.019599999999999996,0.2899249268756702,1,0.0840564632238627,0.29,1,0.0841
futurex_69d3a7a3e53ae80066abf5b5,Will LeBron James average at least 42.0 (Points + Rebounds Assists) per game over the final 5 games?,1,sports,threshold_range,all_agents_wrong_from_start,0.07639831893420096,0.8530400652675698,0,0.09666666666666666,0.07666666666666667,0,0,0,0,0.03653333333333331,0.28,0,0.5184,0.21333333333333335,0,0.6188444444444444,0.03384066231768543,0,0.9334638657907287,0.18,0,0.6724000000000001
futurex_69d3a7a3e53ae80066abf5b8,Will the US-Iran conflict end by 30th April?,0,politics_geo,deadline_event,debate_fixed,0.44974789202810783,0.20227316638372653,1,0.5933333333333334,0.47,1,2,0,1,-0.1311444444444445,0.33,1,0.10890000000000001,0.39333333333333337,1,0.15471111111111113,0.6497545797118625,0,0.422181013856539,0.46,1,0.2116
futurex_69d4f90949a1b20067eec44e,Will Iran shoot down a US military plane/helicopter by end of April?,0,politics_geo,deadline_event,final_correct,0.13331248459353717,0.017772218548502087,1,0.16,0.1366666666666667,3,3,1,1,-0.0069222222222222185,0.24,1,0.0576,0.14333333333333334,1,0.020544444444444445,0.11787495715513088,1,0.013894505524323942,0.23,1,0.0529
futurex_69d4f90949a1b20067eec451,Will one of the top eight ranked snooker players win the World Championship 2026?,1,sports,winner_outcome,final_correct,0.6159031754785214,0.14753037060748356,1,0.6533333333333333,0.61,3,3,1,1,0.03192222222222223,0.82,1,0.03240000000000002,0.75,1,0.0625,0.7214344156530306,1,0.07759878478256854,0.8,1,0.03999999999999998
futurex_69d4f90949a1b20067eec455,America is going to lose one or more warships in Iran war dur 18th to 23rd April 2026?,0,politics_geo,other_wording,final_correct,0.19564973747762102,0.03827881977506202,1,0.20666666666666667,0.19666666666666666,3,3,1,1,-0.004033333333333333,0.37,1,0.1369,0.19333333333333336,1,0.03737777777777779,0.20285893122139348,1,0.04115174597628605,0.16,1,0.0256
futurex_69d64a8abcc475005c311b7f,Will Fajila Patel be elected to the Bastwell and Daisyfield ward in the May local elections?,0,other,winner_outcome,all_agents_wrong_from_start,0.7322347401313949,0.5361677146552914,0,0.69,0.7233333333333333,0,0,0,0,0.04711111111111116,0.42,1,0.17639999999999997,0.3866666666666667,1,0.14951111111111115,0.7374306454945435,0,0.5438039569144991,0.28,1,0.07840000000000001
futurex_69d64a8abcc475005c311ba8,How many MSPs will the Scottish Greens get at the next Scottish Parliament election?,1,politics_geo,other_wording,final_correct,0.8108462923535891,0.0357791251163839,1,0.7000000000000001,0.7999999999999999,3,3,1,1,-0.049999999999999926,0.78,1,0.04839999999999999,0.7000000000000001,1,0.08999999999999996,0.8025487831850758,1,0.03898698302169419,0.71,1,0.08410000000000002
futurex_69d79c138bff72005c917c82,"Will there be any new driver on podium in F1 Miami Grand Prix race, other than those who were on the podium during 2026",1,other,other_wording,final_correct,0.7913041736474867,0.043553947936958375,1,0.7399999999999999,0.79,3,3,1,1,-0.023500000000000076,0.68,1,0.10239999999999996,0.77,1,0.05289999999999999,0.7772578500130036,1,0.04961406538082959,0.59,1,0.16810000000000003
futurex_69d79c138bff72005c917c87,Will the current US x Iran ceasefire hold?,1,politics_geo,other_wording,debate_erased_correct_minority,0.45493191137843264,0.29709922123356874,0,0.48333333333333334,0.45999999999999996,1,0,0,0,0.024655555555555653,0.42,0,0.3364000000000001,0.4066666666666667,0,0.3520444444444444,0.4840689396872218,0,0.2661848589954676,0.44,0,0.31360000000000005
futurex_69d8ed9b677c89005c375952,"Will Pete Hegseth be fired before 10 May, 2026?",0,other,deadline_event,final_correct,0.19564973747762102,0.03827881977506202,1,0.21,0.19666666666666666,3,3,1,1,-0.005422222222222217,0.19,1,0.0361,0.14333333333333334,1,0.020544444444444445,0.20621560259538135,1,0.042524874753776254,0.24,1,0.0576
futurex_69d8ed9b677c89005c375958,UFC 328: Chimaev win against Strickland?,0,sports,winner_outcome,all_agents_wrong_from_start,0.7934755304905843,0.6296034174873142,0,0.7666666666666666,0.7933333333333333,0,0,0,0,0.04160000000000008,0.82,0,0.6723999999999999,0.7633333333333333,0,0.5826777777777777,0.7734354250901914,0,0.598202356784445,0.77,0,0.5929
futurex_69da3f12d5644600674fb46f,Will the Lakers advance past the first round of the 2026 NBA Playoffs?,1,sports,other_wording,final_correct,0.7304178369765029,0.07267454262042738,1,0.7466666666666667,0.73,3,3,1,1,0.008722222222222242,0.77,1,0.05289999999999999,0.7866666666666667,1,0.04551111111111108,0.7591840799056778,1,0.05799230737087496,0.79,1,0.044099999999999986
futurex_69dce561c4f5730067c8ce63,UK GDP growth in Q1 2026?,0,markets_finance_crypto,other_wording,all_agents_wrong_from_start,0.8653982186894544,0.7489140769108809,0,0.7799999999999999,0.8333333333333334,0,0,0,0,0.0860444444444447,0.78,0,0.6084,0.9,0,0.81,0.78,0,0.6084,0.84,0,0.7055999999999999
futurex_69de339aab5b1b0067f23c68,"Will OpenAI officially launch any new publicly named AI mod before May 1, 2026?",1,tech_ai_product,deadline_event,final_correct,0.7237496784453954,0.07631424015902244,1,0.7399999999999999,0.7166666666666667,3,3,1,1,0.012677777777777705,0.83,1,0.028900000000000012,0.7600000000000001,1,0.05759999999999994,0.7452303468990258,1,0.06490757614119073,0.81,1,0.03609999999999998
futurex_69de339aab5b1b0067f23c75,Will a Iranian warship be destroyed in the ports blockade bef April 30th,0,other,other_wording,debate_fixed,0.4113472096357302,0.16920652687510135,1,0.52,0.4166666666666667,2,3,0,1,-0.0967888888888889,0.23,1,0.0529,0.14,1,0.019600000000000003,0.5842664178829073,0,0.34136724706572413,0.29,1,0.0841
futurex_69de339aab5b1b0067f23c76,Will Khamzat Chimaev takedown Sean Strickland within the 10 seconds of the fight ?,0,other,deadline_event,wrong_majority_persisted,0.5247684823847703,0.2753819601044149,0,0.5533333333333333,0.5266666666666666,1,1,0,0,-0.028800000000000048,0.34,1,0.11560000000000002,0.3933333333333333,1,0.1547111111111111,0.5699773053972911,0,0.32487412866795684,0.53,0,0.28090000000000004
futurex_69de36e8ab5b1b0067f23c80,Did a crypto hedge fund blow up?,0,markets_finance_crypto,other_wording,debate_fixed,0.29403450393044106,0.08645628950162056,1,0.5233333333333333,0.3066666666666667,1,3,0,1,-0.17983333333333332,0.36,1,0.1296,0.25666666666666665,1,0.06587777777777777,0.528184699411199,0,0.2789790766920987,0.21,1,0.04409999999999999
futurex_69df85144d9ee5005d924724,Will Trump violate the ceasefire directly in Iran?,0,politics_geo,other_wording,final_correct,0.2944746640525751,0.08671532776887697,1,0.36999999999999994,0.3,3,3,1,1,-0.04689999999999997,0.57,0,0.32489999999999997,0.38666666666666666,1,0.1495111111111111,0.3336059564050763,1,0.11129293414894566,0.52,0,0.27040000000000003
futurex_69e0d6aa3913b600688a1dcb,Lebanon ceasefire in April,1,other,other_wording,final_correct,0.8775593814944384,0.014991705060024486,1,0.8333333333333334,0.87,3,3,1,1,-0.010877777777777764,0.74,1,0.06760000000000001,0.8466666666666667,1,0.023511111111111108,0.8523412026667903,1,0.02180312042988991,0.85,1,0.022500000000000006
futurex_69e228161542b800699e1f82,"Will TSLA close higher on April 23, 2026 than on April 22, 2026 (the day after Q1 earnings)?",0,other,other_wording,all_agents_wrong_from_start,0.53,0.28090000000000004,0,0.5333333333333333,0.53,0,0,0,0,-0.0035444444444444057,0.54,0,0.2916,0.52,0,0.27040000000000003,0.5340055956959677,0,0.2851619762346053,0.53,0,0.28090000000000004
futurex_69e379a741b89000686423ef,Iran agrees to surrender enriched uranium stockpile by April [Polymarket],0,politics_geo,deadline_event,final_correct,0.24709157751745245,0.06105424768006321,1,0.37333333333333335,0.25333333333333335,2,3,1,1,-0.0752,0.32,1,0.1024,0.2833333333333334,1,0.08027777777777781,0.27843759330700474,1,0.07752749336659696,0.25,1,0.0625
futurex_69e61ca2280aa100686b8207,Will LeBron James score 35 or more points in any game of the 2026 First Round?,0,sports,other_wording,all_agents_wrong_from_start,0.7302996050110733,0.5333375130793296,0,0.7333333333333334,0.7266666666666666,0,0,0,0,-0.009733333333333594,0.34,1,0.11560000000000002,0.7066666666666667,0,0.49937777777777775,0.7338794079080373,0,0.5385789853514514,0.73,0,0.5328999999999999
futurex_69e61fe4280aa100686b821e,UEFA Europa League: Unbeaten Champion,0,sports,winner_outcome,final_correct,0.1992121957771939,0.03968549894637103,1,0.3933333333333333,0.20333333333333334,2,3,1,1,-0.11336666666666666,0.06,1,0.0036,0.12333333333333334,1,0.015211111111111113,0.3616854757078274,1,0.1308163833379974,0.97,0,0.9409
futurex_69e76e204f5218005d33da14,US x Iran permanent peace deal by April 30? [Polymarket],0,politics_geo,deadline_event,final_correct,0.08642399488590953,0.007469106892039717,1,0.12,0.08666666666666667,3,3,1,1,-0.006888888888888888,0.18,1,0.0324,0.17,1,0.028900000000000006,0.1108761419828167,1,0.012293518860993728,0.12,1,0.0144
futurex_69eb6299527a6b00687c12a6,Will the Robonomics-powered citizen sensor mesh detect another dust storm over Cyprus in the next 14 days?,0,other,threshold_range,all_agents_wrong_from_start,0.7429975732441728,0.5520453938467299,0,0.7466666666666667,0.7399999999999999,0,0,0,0,-0.009911111111111315,0.66,0,0.43560000000000004,0.6966666666666667,0,0.4853444444444444,0.7602272667745026,0,0.5779454971474307,0.66,0,0.43560000000000004
futurex_69eb65f2527a6b00687c12b7,Bank of Israel Decision in May?,1,markets_finance_crypto,other_wording,final_correct,0.7483547792626336,0.06332531711995786,1,0.73,0.7399999999999999,3,3,1,1,-0.005299999999999944,0.86,1,0.019600000000000003,0.9466666666666667,1,0.0028444444444444454,0.7424676320387541,1,0.06632292054772655,0.79,1,0.044099999999999986
futurex_69f1fa089f7b49005d158498,US unemployment rate above 4.3% in April?,0,markets_finance_crypto,threshold_range,debate_erased_correct_minority,0.5934843060571129,0.3522236215360928,0,0.5933333333333334,0.5866666666666666,1,0,0,0,-0.007866666666666855,0.57,0,0.32489999999999997,0.69,0,0.4760999999999999,0.6980785360687564,0,0.48731364251989795,0.65,0,0.42250000000000004
futurex_69f1fa089f7b49005d158499,Will US nonfarm payroll employment increase in April?,0,other,other_wording,all_agents_wrong_from_start,0.8905923582563603,0.7931547485846252,0,0.89,0.89,0,0,0,0,0.0,0.88,0,0.7744,0.89,0,0.7921,0.9015765163232317,0,0.8128402147855344,0.96,0,0.9216
futurex_69f34b8e58ab86005d6f66ab,UEFA Champions League 2025/26 final [Genuine Prediction],1,sports,other_wording,final_correct,0.9284815341502312,0.005114890957504552,1,0.71,0.8233333333333333,3,3,1,1,-0.05288888888888888,0.86,1,0.019600000000000003,0.57,1,0.18490000000000004,0.7309330589645601,1,0.07239701875816891,0.24,0,0.5776
futurex_69f34e0e58ab86005d6f66cc,UEFA Champions League: Unbeaten Champion,1,sports,winner_outcome,debate_erased_correct_minority,0.1674942299491704,0.6930658571679248,0,0.22,0.20333333333333334,1,0,0,0,0.026277777777777622,0.14,0,0.7395999999999999,0.64,1,0.1296,0.05007233829480992,0,0.90236256247269,0.08,0,0.8464
futurex_69f34e0e58ab86005d6f66d0,Will Ken Paxton drop out?,0,other,other_wording,final_correct,0.08309820134146366,0.006905311066186433,1,0.09333333333333334,0.08333333333333333,3,3,1,1,-0.0017666666666666681,0.12,1,0.0144,0.08,1,0.0064,0.09013417161349092,1,0.008124168892450233,0.09,1,0.0081
futurex_69f49d0a64cf0a0069d0e418,Will Google announce Gemini 4 at I/O 2026 (May 19-20)?,0,tech_ai_product,other_wording,all_agents_wrong_from_start,0.8211681165457433,0.6743170756312834,0,0.8533333333333334,0.8133333333333334,0,0,0,0,-0.06666666666666676,0.43,1,0.18489999999999998,0.7533333333333333,0,0.5675111111111111,0.8570863564331869,0,0.7345970223839159,0.34,1,0.11560000000000002
futurex_69f5eea0b2a4f7005ec64532,Trump announces US blockade of Hormuz lifted by May 31? [Polymarket],0,politics_geo,deadline_event,final_correct,0.2806736618186326,0.07877770443868015,1,0.39999999999999997,0.2833333333333334,2,3,1,1,-0.07972222222222217,0.07,1,0.004900000000000001,0.34,1,0.11560000000000002,0.2983083196946175,1,0.08898785359902613,0.11,1,0.0121
futurex_69f5eea0b2a4f7005ec64536,Bitcoin $69K in May?,0,markets_finance_crypto,threshold_range,debate_erased_correct_minority,0.5787684841316688,0.33497295822406975,0,0.6,0.5766666666666667,1,0,0,0,-0.027455555555555566,0.56,0,0.31360000000000005,0.5833333333333334,0,0.34027777777777785,0.6608450913656568,0,0.4367162347820833,0.54,0,0.2916
futurex_69f5eea0b2a4f7005ec64538,Bitcoin $65K in May?,0,markets_finance_crypto,threshold_range,debate_broke_mean_label,0.5258554482842568,0.27652395249023665,0,0.45999999999999996,0.52,1,1,1,0,0.058800000000000074,0.38,1,0.1444,0.6033333333333334,0,0.3640111111111112,0.32538300812773074,1,0.1058741019782509,0.53,0,0.28090000000000004
futurex_69f891cbab4486005c6c382e,Will Terminator2 have at least 200 Moltbook followers by 2026-05-18?,1,other,threshold_range,debate_erased_correct_minority,0.29865900713997284,0.49187918826588867,0,0.37333333333333335,0.3,1,0,0,0,0.09728888888888876,0.12,0,0.7744,0.27,0,0.5328999999999999,0.2785590154446436,0,0.520477094196202,0.48,0,0.27040000000000003
futurex_69f891cbab4486005c6c3837,US Consumer Price Index (April '26) < 3.55%,0,markets_finance_crypto,other_wording,debate_fixed,0.43371583882140186,0.18810942884455223,1,0.56,0.4366666666666667,1,2,0,1,-0.12292222222222224,0.18,1,0.0324,0.11,1,0.0121,0.587037394784837,0,0.3446129028757685,0.14,1,0.019600000000000003
futurex_69f891cbab4486005c6c3838,Lakers vs. Thunder Series Length (>5 Games),0,other,other_wording,all_agents_wrong_from_start,0.9177033126396738,0.8421793700298308,0,0.8433333333333334,0.9166666666666666,0,0,0,0,0.12906666666666644,0.62,0,0.3844,0.6699999999999999,0,0.4488999999999999,0.8779276163916832,0,0.7707568996231824,0.66,0,0.43560000000000004
futurex_69fb34fbc70fed005b77cd39,Any new Claude Model Before May 16th?,0,tech_ai_product,deadline_event,all_agents_wrong_from_start,0.98452437018939,0.969288235496815,0,0.9066666666666666,0.9833333333333334,0,0,0,0,0.14490000000000025,0.82,0,0.6723999999999999,0.7633333333333333,0,0.5826777777777777,0.9359583698816857,0,0.8760180701515824,0.93,0,0.8649000000000001
futurex_69ff290c5deeeb006839e45c,Will Nvidia announce an N1/N1X Windows-on-Arm PC chip at June 1 Computex keynote?,1,tech_ai_product,other_wording,final_correct,0.8905923582563603,0.011970032071904613,1,0.8866666666666667,0.89,3,3,1,1,-0.0007444444444444365,0.9,1,0.009999999999999995,0.9266666666666667,1,0.005377777777777765,0.8894931033415016,1,0.012211774209092054,0.9,1,0.009999999999999995
futurex_69ff290c5deeeb006839e462,Will anyone recieve a majority in round 1 of the LA mayor election?,0,politics_geo,other_wording,final_correct,0.06636449120458068,0.004404245692842867,1,0.09999999999999999,0.06666666666666667,3,3,1,1,-0.005555555555555554,0.06,1,0.0036,0.10666666666666667,1,0.01137777777777778,0.07088221393540263,1,0.0050242882523841865,0.08,1,0.0064
futurex_6a01cc0b731a290067c50e80,"Will Nvidia close above $225 on May 21, 2026 after earnings?",0,tech_ai_product,threshold_range,wrong_majority_persisted,0.5534806562935596,0.30634083689114944,0,0.5033333333333333,0.5333333333333333,2,1,0,0,0.031100000000000017,0.58,0,0.3364,0.4366666666666667,1,0.1906777777777778,0.5341764199553295,0,0.2853444476362925,0.58,0,0.3364
futurex_6a01cc0b731a290067c50e8b,"Will Senate Banking hold a crypto market-structure markup by May 20, 2026?",1,markets_finance_crypto,deadline_event,final_correct,0.98452437018939,0.00023949511803504135,1,0.9199999999999999,0.9833333333333334,3,3,1,1,-0.0061222222222222355,0.97,1,0.0009000000000000016,0.9500000000000001,1,0.0024999999999999935,0.9374449684652942,1,0.003913131970308032,0.96,1,0.001600000000000003
futurex_6a031d8d37d1ac0066caa2ed,KHL finals: Lokomotiv vs Ak Bars,1,other,other_wording,final_correct,0.930430888311406,0.00483986130114007,1,0.7566666666666667,0.91,3,3,1,1,-0.05111111111111109,0.97,1,0.0009000000000000016,0.67,1,0.10889999999999997,0.8074873788349715,1,0.0370611093078298,0.98,1,0.0004000000000000007
futurex_6a031d8d37d1ac0066caa2ee,Will Russia gain more territory than it loses in May 2026?,1,politics_geo,other_wording,final_correct,0.5486042334518183,0.20375813805762055,1,0.5233333333333333,0.5466666666666667,2,3,1,1,-0.02170000000000008,0.29,0,0.5041,0.47333333333333333,0,0.2773777777777777,0.5234703348001153,1,0.22708052181551422,0.54,1,0.21159999999999995
futurex_6a031d8d37d1ac0066caa2f0,"Gemini 3.2 released by May 22, 2026?",0,other,deadline_event,final_correct,0.28480101275825714,0.08111161686812896,1,0.4066666666666667,0.2966666666666667,2,3,1,1,-0.07736666666666667,0.78,0,0.6084,0.7633333333333333,0,0.5826777777777777,0.3263542290557063,1,0.10650708282254442,0.87,0,0.7569
futurex_6a031d8d37d1ac0066caa2f4,Will Google announce Gemini 3.2 or Gemini 3.5 at I/O 2026?,1,tech_ai_product,other_wording,all_agents_wrong_from_start,0.3255576847029253,0.45487243666327865,0,0.41333333333333333,0.32666666666666666,0,0,0,0,0.10919999999999996,0.31,0,0.4760999999999999,0.17,0,0.6889,0.37369236630896946,0,0.392261252019658,0.22,0,0.6084
futurex_6a046f3b8ec64b006880f072,will al nassr win the saudi league,1,sports,winner_outcome,final_correct,0.5955240534265365,0.16360079135649933,1,0.6566666666666666,0.59,3,3,1,1,0.050222222222222224,0.63,1,0.1369,0.6033333333333334,1,0.1573444444444444,0.7193052701148063,1,0.07878953138532187,0.67,1,0.10889999999999997
futurex_6a046f3b8ec64b006880f077,Will the US attack Cuba in the next 30 days?,0,other,other_wording,final_correct,0.019999999999999993,0.00039999999999999975,1,0.02,0.02,3,3,1,1,0.0,0.01,1,0.0001,0.008333333333333333,1,6.944444444444444e-05,0.017273312917055948,1,0.00029836733913053183,0.01,1,0.0001
futurex_6a046f3b8ec64b006880f07b,"Will the WTI Crude Oil Spot Price be above $100 on May 21, 2026?",1,markets_finance_crypto,threshold_range,all_agents_wrong_from_start,0.35350479634717935,0.41795604834610206,0,0.4066666666666667,0.36999999999999994,0,0,0,0,0.04485555555555576,0.67,1,0.10889999999999997,0.13,0,0.7569,0.37822834823313384,0,0.38659998694089703,0.19,0,0.6561000000000001
futurex_6a05c09c934dec0069eeec37,Will there be a red card in the 2026 UEFA Champions League final?,0,sports,other_wording,final_correct,0.27,0.0729,1,0.27,0.27,3,3,1,1,0.0,0.23,1,0.0529,0.3233333333333333,1,0.10454444444444443,0.26698377737199347,1,0.07128033737981818,0.2,1,0.04000000000000001
futurex_6a0712113d6395005d4862ba,"Will ""Scary Movie 6"" earn more than $25M in domestic gross earnings (in US dollars) during their opening weekend?",1,media_entertainment,threshold_range,final_correct,0.9773232884040844,0.000514233248804331,1,0.96,0.9766666666666666,3,3,1,1,-0.001055555555555554,0.93,1,0.004899999999999993,0.9613333333333333,1,0.0014951111111111165,0.9613698718161753,1,0.001492286803498729,0.98,1,0.0004000000000000007
futurex_6a086392cb956000646f3b77,Will the Oklahoma City Thunder lose 2 or more games in the Western Conference Finals?,1,other,other_wording,final_correct,0.7577892334773391,0.05866605541949497,1,0.6966666666666667,0.7400000000000001,3,3,1,1,-0.02441111111111116,0.44,0,0.31360000000000005,0.7066666666666667,1,0.08604444444444445,0.7952927014538227,1,0.04190507807807377,0.46,0,0.2916
futurex_6a09b55151bf2c006712b3bf,"Will Bitcoin (Coinbase BTC-USD) close above $85,000 on June 1, 2026?",0,markets_finance_crypto,threshold_range,all_agents_wrong_from_start,0.6135478186943834,0.3764409258246359,0,0.6233333333333334,0.6133333333333333,0,0,0,0,-0.012366666666666803,0.68,0,0.4624000000000001,0.5733333333333333,0,0.328711111111111,0.6247374954454342,0,0.39029693821543393,0.69,0,0.4760999999999999
futurex_6a09b55151bf2c006712b3c0,Will the May 2026 US CPI year-over-year reading come in above 2.8%?,1,other,threshold_range,final_correct,0.7100000000000001,0.08409999999999995,1,0.6966666666666667,0.71,3,3,1,1,-0.007911111111111091,0.61,1,0.1521,0.7233333333333333,1,0.07654444444444448,0.6986130812839926,1,0.09083407477312927,0.39,0,0.3721
futurex_6a09b55151bf2c006712b3c1,"Will the May 2026 US nonfarm payrolls report show fewer than 100,000 jobs added?",0,other,other_wording,final_correct,0.03,0.0009,1,0.15000000000000002,0.03,3,3,1,1,-0.021600000000000005,0.18,1,0.0324,0.023333333333333334,1,0.0005444444444444445,0.0685490039628144,1,0.004698965944293944,0.19,1,0.0361
futurex_6a09b55151bf2c006712b3c2,Will Iga Świątek reach the 2026 French Open women's singles final?,0,other,threshold_range,all_agents_wrong_from_start,0.7234747783504145,0.5234157549091815,0,0.7466666666666667,0.7233333333333333,0,0,0,0,-0.03430000000000011,0.67,0,0.4489000000000001,0.67,0,0.4489000000000001,0.7472272686268784,0,0.5583485909795851,0.69,0,0.4760999999999999
futurex_6a09b55151bf2c006712b3c5,"Will Bitcoin trade above $90,000 between now and June 1, 2026?",0,markets_finance_crypto,threshold_range,all_agents_wrong_from_start,0.5736481512860233,0.3290722014738723,0,0.64,0.5733333333333333,0,0,0,0,-0.08088888888888901,0.58,0,0.3364,0.6833333333333332,0,0.46694444444444433,0.6421718508751155,0,0.41238468605637163,0.7,0,0.48999999999999994
futurex_6a09b55151bf2c006712b3c9,Will Apple mention Google or Gemini in its WWDC 2026 keynote?,1,tech_ai_product,other_wording,final_correct,0.7937843974046187,0.04252487475377623,1,0.8133333333333334,0.79,3,3,1,1,0.009255555555555552,0.91,1,0.008099999999999994,0.83,1,0.028900000000000012,0.8172577981861084,1,0.03339471232378907,0.86,1,0.019600000000000003
futurex_6a0b06c098aa710068714572,Will the May 2026 U.S. unemployment rate be at least 4.5%?,0,markets_finance_crypto,threshold_range,all_agents_wrong_from_start,0.6268612761906557,0.3929550595873775,0,0.6533333333333333,0.6266666666666666,0,0,0,0,-0.034133333333333404,0.68,0,0.4624000000000001,0.5933333333333333,0,0.3520444444444444,0.6816629107615318,0,0.46466432390788415,0.67,0,0.4489000000000001
futurex_6a0b06c098aa710068714579,"Will BTC-USD close below $90,000 on Friday, June 5, 2026?",1,markets_finance_crypto,threshold_range,all_agents_wrong_from_start,0.13999999999999999,0.7395999999999999,0,0.16,0.14,0,0,0,0,0.03400000000000003,0.23,0,0.5929,0.8166666666666668,1,0.03361111111111108,0.1413623851550579,0,0.7372585536266113,0.13,0,0.7569
futurex_6a0b06c098aa71006871457e,"Will ETH-USD close above $3,000 on Friday, June 5, 2026?",0,other,threshold_range,final_correct,0.13797497009421686,0.019037092372500036,1,0.21999999999999997,0.14,3,3,1,1,-0.02879999999999999,0.08,1,0.0064,0.11,1,0.0121,0.10222256391590634,1,0.010449452573541556,0.13,1,0.016900000000000002
futurex_6a0b06c098aa71006871457f,"Will BTC-USD close above $100,000 on Friday, June 5, 2026",0,markets_finance_crypto,threshold_range,all_agents_wrong_from_start,0.5969106293283692,0.3563022994051898,0,0.5966666666666667,0.5966666666666667,0,0,0,0,0.0,0.74,0,0.5476,0.4000000000000001,1,0.16000000000000006,0.6073442154653392,0,0.3688669960592084,0.62,0,0.3844
futurex_6a0b06c098aa710068714583,Will Euphoria Season 3 finish at 70 or above on Metacritic?,0,other,threshold_range,final_correct,0.435452206171622,0.1896186238597328,1,0.46,0.44,2,3,1,1,-0.018000000000000016,0.57,0,0.32489999999999997,0.5733333333333334,0,0.3287111111111111,0.447250822306477,1,0.20003329805381986,0.53,0,0.28090000000000004
futurex_6a0b06c098aa710068714585,"Will NVDA close above $250 on Friday, June 5, 2026?",0,other,threshold_range,final_correct,0.39,0.1521,1,0.39333333333333337,0.38999999999999996,2,3,1,1,-0.002611111111111175,0.06,1,0.0036,0.5466666666666667,0,0.2988444444444445,0.33426719280986655,1,0.1117345561889885,0.31,1,0.0961
futurex_6a0b06c098aa710068714587,"Will SPY close below $720 on Friday, May 29, 2026?",0,other,threshold_range,final_correct,0.11291533610903431,0.012749873128616189,1,0.18333333333333335,0.11666666666666665,3,3,1,1,-0.02000000000000001,0.04,1,0.0016,0.07,1,0.004900000000000001,0.09863371769242174,1,0.00972861026582835,0.13,1,0.016900000000000002
futurex_6a0c5814007f0d005dcabea1,"UEFA Champions league, PSG beat Arsenal in regular time?",0,sports,winner_outcome,all_agents_wrong_from_start,0.69,0.4760999999999999,0,0.6866666666666666,0.69,0,0,0,0,0.004588888888888809,0.57,0,0.32489999999999997,0.7166666666666667,0,0.5136111111111111,0.7092397201137859,0,0.5030209805870813,0.63,0,0.39690000000000003
futurex_6a0c5814007f0d005dcabea5,Micron closes above $700 at end of month?,1,other,threshold_range,all_agents_wrong_from_start,0.12597890052085728,0.7639128823347295,0,0.18333333333333335,0.12666666666666668,0,0,0,0,0.09576666666666656,0.18,0,0.6724000000000001,0.26666666666666666,0,0.5377777777777779,0.11633219532985416,0,0.780868789010555,0.03,0,0.9409
futurex_6a0c5814007f0d005dcabea6,Will Andy Burnham win a majority of the vote in the Makerfield byelection?,1,sports,winner_outcome,final_correct,0.6603970380109233,0.11533017179175427,1,0.6933333333333334,0.6533333333333333,3,3,1,1,0.026133333333333356,0.62,1,0.1444,0.5866666666666667,1,0.17084444444444444,0.7587943156099357,1,0.05818018218207931,0.81,1,0.03609999999999998
futurex_6a0da98a7f2ebb0066d334c6,Restore Britain ≥4% in Makerfield by-election?,1,politics_geo,deadline_event,final_correct,0.7384562539019883,0.0684051311229812,1,0.53,0.73,2,3,1,1,-0.14799999999999996,0.07,0,0.8648999999999999,0.22666666666666666,0,0.5980444444444444,0.18571822576934935,0,0.6630548078442162,0.16,0,0.7055999999999999
futurex_6a0da98a7f2ebb0066d334c8,"Will Donald Trump issue an executive order imposing new tariffs on EU-origin goods by June 14, 2026?",0,politics_geo,deadline_event,all_agents_wrong_from_start,0.7864235677363298,0.6184620278911377,0,0.7233333333333333,0.7600000000000001,0,0,0,0,0.05438888888888915,0.84,0,0.7055999999999999,0.64,0,0.4096,0.7614942932248357,0,0.5798735586139921,0.9,0,0.81
futurex_6a0da98a7f2ebb0066d334ca,"Will Israel and Hamas (or a Hamas-affiliated mediator) announce a new ceasefire by June 14, 2026?",0,politics_geo,deadline_event,debate_erased_correct_minority,0.5594624844744043,0.31299827153427306,0,0.5366666666666666,0.5566666666666666,1,0,0,0,0.0218666666666667,0.57,0,0.32489999999999997,0.6833333333333332,0,0.46694444444444433,0.5514252694587573,0,0.30406982779766306,0.65,0,0.42250000000000004
futurex_6a0efb1f32b3e1005de2cd33,"Will Brent crude futures close above $120 on Friday, June 5, 2026?",0,other,threshold_range,final_correct,0.17230464309337937,0.029688890031536845,1,0.18666666666666668,0.17333333333333334,3,3,1,1,-0.004800000000000002,0.41,1,0.16809999999999997,0.13,1,0.016900000000000002,0.17597161656498256,1,0.030966009836493245,0.29,1,0.0841
futurex_6a0efb1f32b3e1005de2cd34,"Will NVDA close above $250 on Friday, June 12, 2026?",0,other,threshold_range,final_correct,0.4113472096357302,0.16920652687510135,1,0.41333333333333333,0.4166666666666667,2,3,1,1,0.002766666666666695,0.22,1,0.0484,0.57,0,0.32489999999999997,0.372661447898752,1,0.13887655474999425,0.64,0,0.4096
futurex_6a0efb1f32b3e1005de2cd3a,Will Elon Musk become a trillionaire before June 16th 2026?,1,other,deadline_event,final_correct,0.9638558008656991,0.0013064031310599973,1,0.8933333333333332,0.9633333333333333,3,3,1,1,-0.010033333333333356,0.94,1,0.0036000000000000064,0.9633333333333333,1,0.0013444444444444495,0.9056671542841899,1,0.008898685780842838,0.98,1,0.0004000000000000007
futurex_6a0efb1f32b3e1005de2cd3b,"Will Trailer 3 for Grand Theft Auto 6 be released by June 15, 2026?",0,other,deadline_event,debate_fixed,0.4752436318942568,0.22585650965604384,1,0.6,0.49666666666666665,1,1,0,1,-0.11332222222222224,0.72,0,0.5184,0.7400000000000001,0,0.5476000000000002,0.6507760433601822,0,0.4235094586115338,0.67,0,0.4489000000000001
futurex_6a0efb1f32b3e1005de2cd3e,Will Abelardo de la Espriella be the next president in Colombia?,1,politics_geo,other_wording,final_correct,0.54593897217796,0.20617141698680744,1,0.5933333333333333,0.5333333333333333,3,2,1,1,0.052399999999999974,0.56,1,0.19359999999999997,0.6533333333333333,1,0.12017777777777779,0.5974137821566102,1,0.16207566279744529,0.86,1,0.019600000000000003
futurex_6a104c89ffba8e005c4c8b05,Will Almonty Shareholders Approve the proposal to double Sangdong mine's Tungsten capacity on June 9th 2026?,0,other,other_wording,all_agents_wrong_from_start,0.6744423152970748,0.4548724366632788,0,0.68,0.6733333333333333,0,0,0,0,-0.00902222222222232,0.73,0,0.5328999999999999,0.68,0,0.4624000000000001,0.7253169477608894,0,0.5260846747091728,0.76,0,0.5776
futurex_6a104c89ffba8e005c4c8b08,Will a NBA player get suspended in the remainder of the NBA playoffs?,0,sports,other_wording,final_correct,0.4076357548609686,0.16616690864107167,1,0.44,0.41,2,3,1,1,-0.025500000000000023,0.32,1,0.1024,0.18000000000000002,1,0.032400000000000005,0.4182875351259953,1,0.17496446204178076,0.27,1,0.0729
futurex_6a119e1722dbd400672556d5,Will May 2026 headline CPI-U rise at least 0.4% month-over-month?,1,other,threshold_range,final_correct,0.6744423152970748,0.10598780606912928,1,0.65,0.6733333333333333,3,3,1,1,-0.01578888888888888,0.66,1,0.11559999999999998,0.6,1,0.16000000000000003,0.6568439030863439,1,0.11775610684901455,0.63,1,0.1369
futurex_6a144109314f08005cc4064a,Will both Aeonglass and Infested Prism receive balance changes in the next Slay the Spire 2 Beta Patch?,0,other,other_wording,all_agents_wrong_from_start,0.9891225530541106,0.9783634249602817,0,0.9733333333333333,0.989,0,0,0,0,0.030743222222222366,0.98,0,0.9603999999999999,0.9846666666666666,0,0.9695684444444442,0.9740501618760895,0,0.9487737178508362,0.995,0,0.990025
futurex_6a144109314f08005cc4064b,"9984.T (SoftBank Group Corp.) over 10,000 by Thursday 11 2026?",0,other,threshold_range,final_correct,0.41648503396869097,0.17345978351990166,1,0.49,0.43333333333333335,2,3,1,1,-0.05232222222222219,0.22,1,0.0484,0.7066666666666667,0,0.49937777777777775,0.5186883470832931,0,0.26903760139999877,0.91,0,0.8281000000000001
futurex_6a1592a005d7030069729b8d,Will May 2026 core PCE inflation be at least 0.3% month-over-month?,1,markets_finance_crypto,threshold_range,final_correct,0.6135478186943834,0.1493452884358692,1,0.6033333333333334,0.6133333333333333,3,3,1,1,-0.007833333333333248,0.58,1,0.17640000000000003,0.6033333333333334,1,0.1573444444444444,0.6097269177978468,1,0.1523130786915686,0.69,1,0.09610000000000003
futurex_6a1ad8a5a7e0af00656c06b0,"Will the WTI Crude Oil Spot Price be above $94 on June 10, 2026?",0,markets_finance_crypto,threshold_range,final_correct,0.4513957665481818,0.20375813805762066,1,0.43999999999999995,0.45333333333333337,2,3,1,1,0.011911111111111178,0.61,0,0.3721,0.2733333333333334,1,0.07471111111111113,0.4167365592794356,1,0.17366935984006254,0.48,1,0.2304
futurex_6a1c2a0ec73ab7006693d1b8,Will Virgin Galactic (SPCE) close at or above $8.00 on June 2026?,0,other,threshold_range,final_correct,0.16662740279763405,0.027764691363084983,1,0.23666666666666666,0.17,3,3,1,1,-0.027111111111111103,0.11,1,0.0121,0.12333333333333334,1,0.015211111111111113,0.16070689012647071,1,0.02582670453412153,0.16,1,0.0256
futurex_6a1c2a0ec73ab7006693d1ba,Will Norway defeat Senegal in the first round of World Cup 2026?,1,sports,winner_outcome,final_correct,0.5636944224120739,0.1903625570343338,1,0.56,0.5633333333333334,3,3,1,1,-0.002922222222222215,0.58,1,0.17640000000000003,0.5733333333333333,1,0.1820444444444445,0.5645477938283779,1,0.18961862385973285,0.52,1,0.2304
futurex_6a1d7bb80c0bd900a60f0605,Will Josh Hart shoot above 35% from 3 in the NBA Finals?,1,sports,threshold_range,debate_erased_correct_minority,0.4429334225184488,0.3103231717470091,0,0.48333333333333334,0.44333333333333336,1,0,0,0,0.04293333333333338,0.58,1,0.17640000000000003,0.3566666666666667,0,0.41387777777777773,0.4840689396872218,0,0.2661848589954676,0.44,0,0.31360000000000005
futurex_6a201e8e580e17002cf93c07,"Will Apple announce a major AI model partnership (e.g., Open, Google, or Anthropic) at WWDC 2026?",1,tech_ai_product,other_wording,final_correct,0.7452303468990258,0.06490757614119073,1,0.7333333333333334,0.7399999999999999,3,3,1,1,-0.0035111111111110205,0.64,1,0.1296,0.7799999999999999,1,0.04840000000000004,0.7371264957645728,1,0.06910247922901316,0.66,1,0.11559999999999998
futurex_6a201e8e580e17002cf93c0e,Will Victor Wembanyama win the 2026 NBA Finals MVP?,0,sports,winner_outcome,all_agents_wrong_from_start,0.7068097161115106,0.4995799747896341,0,0.6966666666666667,0.7066666666666667,0,0,0,0,0.014033333333333342,0.46,1,0.2116,0.56,0,0.31360000000000005,0.7078172033787722,0,0.5010051933989461,0.5,0,0.25
futurex_6a201e8e580e17002cf93c14,Will Spacex close above a $2.5 Trillion Market Cap on it's first of trading (IPO)?,0,markets_finance_crypto,threshold_range,final_correct,0.20985267588290574,0.04403814557521589,1,0.4166666666666667,0.22,2,3,1,1,-0.12521111111111113,0.03,1,0.0009,0.10333333333333333,1,0.010677777777777777,0.3294484582880013,1,0.10853628666834092,0.07,1,0.004900000000000001
futurex_6a201edf580e17002cf93c57,Will Apple release Homepod Mini Successor by June 30?,0,tech_ai_product,deadline_event,final_correct,0.16475851327710933,0.02714536769728341,1,0.25,0.16666666666666666,3,3,1,1,-0.034722222222222224,0.36,1,0.1296,0.19333333333333333,1,0.037377777777777774,0.20642964924139542,1,0.04261320008592555,0.68,0,0.4624000000000001
futurex_6a217008580e17002cf93ce6,"Will the ECB raise interest rates at its June 11, 2026 meeting?",1,other,other_wording,final_correct,0.51574486663089,0.2345030341943345,1,0.5266666666666667,0.5233333333333333,2,2,1,1,0.0031666666666667342,0.22,0,0.6084,0.4333333333333333,0,0.32111111111111107,0.43510838771168914,0,0.31910253363368735,0.1,0,0.81
futurex_6a217008580e17002cf93ce7,Will May 2026 U.S. advance retail sales rise at least 0.5% month-over-month?,1,other,threshold_range,final_correct,0.5670092987214796,0.18748094739366483,1,0.5766666666666667,0.5666666666666667,3,3,1,1,0.008566666666666667,0.56,1,0.19359999999999997,0.4266666666666667,0,0.328711111111111,0.5769673863375706,1,0.17895659222206625,0.56,1,0.19359999999999997
futurex_6a217009580e17002cf93d1b,Will the Supreme Court of the United States judge the merit of Trump's executive order on birthright citizenship before the June 2026 recess?,1,politics_geo,deadline_event,final_correct,0.98,0.0004000000000000007,1,0.9700000000000001,0.98,3,3,1,1,-0.0004999999999999943,0.97,1,0.0009000000000000016,0.975,1,0.0006250000000000011,0.9699999999999999,1,0.0009000000000000082,0.979,1,0.0004410000000000008
futurex_6a217009580e17002cf93d20,Winner of Georgia's Republican Senate primary,1,politics_geo,winner_outcome,final_correct,0.9864539306981471,0.0001834959935306007,1,0.9633333333333333,0.9833333333333334,3,3,1,1,-0.0010666666666666737,0.62,1,0.1444,0.5033333333333333,1,0.2466777777777778,0.9650384728783321,1,0.0012223083786791194,0.61,1,0.1521
futurex_6a22c1969b0b8587160ddfcd,Will Spain defeat Uruguay in the opening round of World Cup 2026?,1,sports,winner_outcome,debate_broke_mean_label,0.13950687804445946,0.7404484129327927,0,0.5499999999999999,0.15,2,0,1,0,0.5199999999999998,0.03,0,0.9409,0.05333333333333334,0,0.8961777777777777,0.5622305381473803,1,0.19164210173073223,0.008,0,0.9840639999999999
futurex_6a22c1969b0b8587160ddfe4,Will USA at least tie Turkey in the opening round of World Cup 2026? (Blame phone for spelling.),0,sports,threshold_range,all_agents_wrong_from_start,0.5709838308710286,0.32602253511615537,0,0.5666666666666668,0.57,0,0,0,0,0.0037888888888887307,0.62,0,0.3844,0.61,0,0.3721,0.583514966031309,0,0.3404897155825197,0.56,0,0.31360000000000005
futurex_6a26b60a9b0b8587160de16c,Will the US PCE annual inflation be greater than 3.8% in May?,1,markets_finance_crypto,other_wording,debate_broke_mean_label,0.44117699006008654,0.31228315643830457,0,0.5266666666666667,0.4466666666666666,2,0,1,0,0.08213333333333356,0.57,1,0.18490000000000004,0.45999999999999996,0,0.2916,0.5142262983885252,1,0.23597608917731416,0.68,1,0.10239999999999996
futurex_6a26b60e9b0b8587160de172,"Will ""Supergirl"" earn more than $50M in domestic gross earnings (in US dollars) during their opening weekend?",0,other,threshold_range,all_agents_wrong_from_start,0.5901937003843402,0.3483286039733603,0,0.58,0.5866666666666666,0,0,0,0,0.007777777777777661,0.57,0,0.32489999999999997,0.48333333333333334,1,0.2336111111111111,0.5913844869242718,0,0.34973561137468423,0.57,0,0.32489999999999997
futurex_6a26b60e9b0b8587160de18d,Will Scotland finish in the top 2 of their World Cup group?,0,sports,threshold_range,final_correct,0.2795771497157213,0.07816338264316683,1,0.2833333333333333,0.28,3,3,1,1,-0.001877777777777756,0.41,1,0.16809999999999997,0.24,1,0.0576,0.26298110902500765,1,0.06915906370402296,0.38,1,0.1444
futurex_6a26b60e9b0b8587160de194,Will May 2026 U.S. real personal consumption expenditures rise at least 0.3% month-over-month?,1,other,threshold_range,final_correct,0.5693488522240177,0.185460411080771,1,0.68,0.5433333333333333,3,2,1,1,0.10614444444444449,0.56,1,0.19359999999999997,0.47000000000000003,0,0.28090000000000004,0.6965183951509549,1,0.09210108448175194,0.53,1,0.22089999999999999
futurex_6a26b60e9b0b8587160de195,Will Portugal defeat Colombia in their first match in the 2026 World Cup?,0,sports,winner_outcome,all_agents_wrong_from_start,0.6369201738851331,0.4056673079018682,0,0.6466666666666666,0.6333333333333333,0,0,0,0,-0.01706666666666662,0.48,1,0.2304,0.61,0,0.3721,0.6726742859145354,0,0.4524906949306301,0.63,0,0.39690000000000003
futurex_6a26b60e9b0b8587160de196,Will the U.S. personal saving rate be at least 3.0% in May 2026,1,markets_finance_crypto,threshold_range,final_correct,0.6035627920415816,0.1571624598538663,1,0.6066666666666667,0.5966666666666667,3,3,1,1,0.00796666666666665,0.74,1,0.06760000000000001,0.8333333333333334,1,0.027777777777777766,0.6351517462012294,1,0.13311424830001214,0.67,1,0.10889999999999997
futurex_6a2bfc099b0b8587160de250,"Will Spain, Brazil, and France all finish first in their respective groups at the 2026 FIFA World Cup?",1,sports,other_wording,debate_erased_correct_minority,0.35635320708760115,0.4142811940264164,0,0.32,0.38666666666666666,1,0,0,0,-0.0862222222222222,0.18,0,0.6724000000000001,0.49333333333333335,0,0.25671111111111106,0.20504083732923706,0,0.6319600703142005,0.33,0,0.4488999999999999
futurex_6a2bfc099b0b8587160de25d,Will any 2026 World Cup team advance through group stage with 0 wins?,1,sports,deadline_event,all_agents_wrong_from_start,0.33317329442764076,0.44465785526448587,0,0.33666666666666667,0.3333333333333333,0,0,0,0,0.0044333333333334,0.62,1,0.1444,0.8766666666666666,1,0.015211111111111128,0.31767949171790555,0,0.4655612760223357,0.11,0,0.7921
